"","name","player_id","team_2021","Position","Age","Game_played","Game_started","MP","FG","FGA","FGpct","X3P","X3PA","X3Ppct","X2P","X2PA","X2Ppct","FT","FTA","FTpct","ORB","DRB","TRB","AST","STL","BLK","TOV","PF","PTS","PER","TSpct","X3PAr","FTr","ORBpct","DRBpct","TRBpct","ASTpct","STLpct","BLKpct","TOVpct","USGpct","OWS","DWS","WS","WSper48","OBPM","DBPM","BPM","VORP","salary","team_2022","Weight","Height"
"1","Aaron Gordon","gordoaa01","DEN","PF",26,75,75,31.7,5.8,11.1,0.52,1.2,3.5,0.335,4.6,7.7,0.605,2.3,3.1,0.743,1.7,4.2,5.9,2.5,0.6,0.6,1.8,2,15,15.3,0.602,0.312,0.276,6.1,14.3,10.3,11.6,0.9,1.7,12.5,19.7,3.2,2,5.2,0.105,0.5,-1.1,-0.6,0.9,19690909,"DEN",235,80
"2","Aaron Holiday","holidaa01","WAS","PG",25,63,15,16.2,2.4,5.4,0.447,0.6,1.6,0.379,1.8,3.7,0.477,0.9,1.1,0.868,0.4,1.6,1.9,2.4,0.7,0.1,1.1,1.5,6.3,12.6,0.544,0.305,0.201,2.6,10.3,6.5,20.7,2,0.7,15.4,18.7,0.5,0.9,1.5,0.068,-1.9,0.3,-1.7,0.1,1968175,"ATL",185,72
"3","Aaron Nesmith","nesmiaa01","BOS","SF",22,52,3,11,1.4,3.5,0.396,0.6,2.2,0.27,0.8,1.3,0.612,0.4,0.5,0.808,0.3,1.4,1.7,0.4,0.4,0.1,0.6,1.3,3.8,7.3,0.507,0.632,0.143,2.9,13.6,8.4,5.4,1.7,0.8,13.8,17.2,-0.4,0.9,0.4,0.038,-4.9,0.7,-4.3,-0.3,3804360,"IND",215,77
"4","Aaron Wiggins","wiggiaa01","OKC","SG",23,50,35,24.2,3.1,6.7,0.463,0.8,2.8,0.304,2.3,4,0.573,1.2,1.7,0.729,1,2.5,3.6,1.4,0.6,0.2,1.1,1.9,8.3,10.3,0.556,0.409,0.252,4.3,11,7.6,8.5,1.2,0.8,12.6,15.3,0.5,0.8,1.2,0.048,-3.4,-0.9,-4.3,-0.7,1563518,"OKC",190,76
"5","Al Horford","horfoal01","BOS","C",35,69,69,29.1,3.9,8.2,0.467,1.3,3.8,0.336,2.6,4.4,0.582,1.2,1.4,0.842,1.6,6.1,7.7,3.4,0.7,1.3,0.9,1.9,10.2,16.7,0.574,0.466,0.167,6,22.2,14.3,16.4,1.2,4.2,9.6,14.8,3.7,3.8,7.6,0.181,1.4,2.9,4.3,3.2,26500000,"BOS",240,81
"6","Alec Burks","burksal01","NYK","SG",30,81,44,28.6,3.5,9,0.391,1.9,4.8,0.404,1.6,4.2,0.378,2.7,3.3,0.822,0.6,4.3,4.9,3,1,0.3,1.1,2.7,11.7,13.7,0.559,0.534,0.363,2.1,16.6,9.2,15.7,1.8,1.1,9.7,17.7,3.2,2.9,6.1,0.126,-0.4,1.2,0.8,1.7,10012800,"DET",214,78
"7","Aleksej Pokusevski","pokusal01","OKC","PF",20,61,12,20.2,3,7.5,0.408,0.9,3.2,0.289,2.1,4.2,0.498,0.6,0.8,0.7,1.2,4,5.2,2.1,0.6,0.6,1.5,1.4,7.6,12,0.485,0.432,0.11,6,20.8,13.3,16.5,1.5,2.9,16.4,20,-1.1,1.5,0.4,0.014,-2.7,0.1,-2.6,-0.2,3261480,"OKC",190,84
"8","Alex Caruso","carusal01","CHI","SG",27,41,18,28,2.5,6.2,0.398,1,3.1,0.333,1.5,3.2,0.462,1.4,1.8,0.795,0.8,2.8,3.6,4,1.7,0.4,1.4,2.6,7.4,11.7,0.528,0.492,0.285,3.3,11.2,7.3,18.5,3,1.1,16.5,13.3,0.7,1.2,2,0.082,-2.2,2.3,0.2,0.6,9034884,"CHI",186,77
"9","Alex Len","lenal01","SAC","C",28,39,10,15.9,2.4,4.5,0.534,0.2,0.5,0.286,2.3,4,0.568,1.1,1.6,0.651,1.3,2.8,4.1,1.2,0.3,0.6,1.1,2.6,6,13.1,0.577,0.119,0.358,9,19.3,14.1,10.6,1,3.5,17.4,17.1,0.4,0.5,0.9,0.07,-3.2,0.3,-2.9,-0.1,3918600,"SAC",250,84
"10","Alperen Şengün","sengual01","HOU","C",19,72,13,20.7,3.5,7.3,0.474,0.4,1.6,0.248,3.1,5.7,0.539,2.3,3.2,0.711,1.9,3.5,5.5,2.6,0.8,0.9,2,3,9.6,16,0.552,0.223,0.442,10.1,18.9,14.5,19.1,1.9,4.1,18.8,22,0.8,1.3,2.1,0.068,-1.6,0.6,-1,0.4,3375480,"HOU",235,81
"11","Amir Coffey","coffeam01","LAC","SG",24,69,30,22.7,3.1,6.8,0.453,1.4,3.7,0.378,1.7,3.1,0.542,1.5,1.7,0.863,0.4,2.5,2.9,1.8,0.6,0.2,0.7,1.3,9,13,0.598,0.545,0.251,1.8,11.2,6.7,11.4,1.2,0.8,8,15.8,2.3,1.5,3.8,0.116,-0.3,0,-0.3,0.7,3395062,"LAC",210,79
"12","Andre Drummond","drumman01","TOT","C",28,73,36,19.7,3.4,5.9,0.57,0,0,0,3.4,5.9,0.574,1.2,2.2,0.524,3.1,6.2,9.3,1.8,1.1,0.9,1.6,2.6,7.9,21,0.574,0.007,0.379,18,34.1,26.2,13.7,2.7,4.2,18.5,19,2,3.1,5.1,0.17,-0.1,1.4,1.3,1.2,3219512,"CHI",279,82
"13","Andrew Wiggins","wiggian01","GSW","SF",26,73,73,31.9,6.5,14,0.466,2.2,5.5,0.393,4.4,8.5,0.513,2,3.2,0.634,1.2,3.3,4.5,2.2,1,0.7,1.5,2.2,17.2,15,0.56,0.392,0.231,4.1,10.9,7.6,10.8,1.6,2.1,9,23.1,1.8,3.4,5.1,0.105,0.3,0.1,0.4,1.4,33616770,"GSW",197,79
"14","Anfernee Simons","simonan01","POR","SG",22,57,30,29.5,6.2,14,0.443,3.1,7.8,0.405,3.1,6.2,0.49,1.8,2,0.888,0.5,2.2,2.6,3.9,0.5,0.1,2,1.9,17.3,15.3,0.583,0.555,0.146,1.6,8.5,4.9,22.2,0.9,0.4,11.9,24.8,2,-0.1,1.9,0.055,1.9,-2.7,-0.7,0.5,22321429,"POR",181,75
"15","Anthony Davis","davisan02","LAL","C",28,40,40,35.1,9.3,17.4,0.532,0.3,1.8,0.186,8.9,15.6,0.571,4.4,6.1,0.713,2.7,7.2,9.9,3.1,1.2,2.3,2.1,2.4,23.2,23.9,0.578,0.101,0.351,8.1,22,15.1,14.7,1.7,5.7,9.3,27.1,2.6,2,4.5,0.155,2.6,1.2,3.8,2,37980720,"LAL",253,82
"16","Anthony Edwards","edwaran01","MIN","SG",20,72,72,34.3,7.6,17.3,0.441,3,8.4,0.357,4.6,8.9,0.519,3.1,3.9,0.786,0.9,3.9,4.8,3.8,1.5,0.6,2.6,2.3,21.3,16.5,0.56,0.484,0.225,2.6,12.5,7.5,17.4,2,1.8,12.2,26.4,1.8,2.4,4.3,0.084,1.6,-0.4,1.2,2,10733400,"MIN",225,76
"17","Anthony Gill","gillan01","WAS","PF",29,44,0,10.5,1.4,2.5,0.569,0.3,0.6,0.538,1.1,1.9,0.578,1,1.2,0.808,0.8,1.2,1.9,0.6,0.1,0.3,0.4,1.3,4.1,14.7,0.682,0.239,0.477,8,12.2,10.2,8.3,0.5,2,12,14.4,1.1,0.2,1.4,0.14,-0.6,-1.3,-1.9,0,1836090,"WAS",230,79
"18","Armoni Brooks","brookar01","TOT","SG",23,54,11,15.6,1.8,5.4,0.339,1.4,4.6,0.297,0.4,0.7,0.6,0.3,0.4,0.857,0.4,1.5,1.9,1.1,0.5,0.2,0.5,1.4,5.3,8.4,0.483,0.862,0.073,2.5,10.9,6.7,10.4,1.6,1.2,8.3,16.4,-0.1,0.4,0.2,0.014,-2.6,-1.3,-3.9,-0.4,1752638,"TOR",195,75
"19","Ayo Dosunmu","dosunay01","CHI","SG",22,77,40,27.4,3.6,6.9,0.52,0.9,2.4,0.376,2.7,4.5,0.596,0.7,1,0.679,0.4,2.4,2.8,3.3,0.8,0.4,1.4,2.4,8.8,11.2,0.596,0.348,0.146,1.4,9.9,5.7,16.5,1.4,1.2,15.9,14.1,1.7,1.3,3,0.069,-1.9,-0.1,-2,0,1563518,"CHI",200,76
"20","Bam Adebayo","adebaba01","MIA","C",24,56,56,32.6,7.3,13,0.557,0,0.1,0,7.3,12.9,0.562,4.6,6.1,0.753,2.4,7.6,10.1,3.4,1.4,0.8,2.6,3.1,19.1,21.8,0.608,0.008,0.466,8.7,26.1,17.5,17.5,2.2,2.6,14.4,25,3.6,3.5,7.2,0.188,1.7,2.1,3.8,2.7,30351834,"MIA",255,81
"21","Bismack Biyombo","biyombi01","PHO","C",29,36,3,14.1,2.4,4,0.593,0,0,0,2.4,4,0.593,1.1,2,0.535,1.8,2.9,4.6,0.6,0.3,0.7,0.7,1.9,5.8,17.3,0.596,0,0.49,13.7,21.5,17.7,6.2,1.1,4.6,12.4,17.1,0.9,0.9,1.8,0.17,-1.7,0.4,-1.3,0.1,2905851,"PHO",255,80
"22","Boban Marjanović","marjabo01","DAL","C",33,23,0,5.6,1.8,3,0.6,0,0.2,0.25,1.8,2.9,0.621,0.6,1,0.591,0.3,1.3,1.7,0.1,0,0.1,0.7,1,4.3,18.5,0.615,0.057,0.314,6.9,27,16.9,4.8,0,2.1,15.8,33.3,-0.1,0.2,0.1,0.045,-3.2,-1.2,-4.4,-0.1,3500000,"HOU",290,87
"23","Bobby Portis","portibo01","MIL","C",26,72,59,28.2,5.8,12.1,0.479,1.8,4.7,0.393,3.9,7.4,0.533,1.2,1.6,0.752,2.5,6.6,9.1,1.2,0.7,0.7,1.3,2.4,14.6,17.7,0.571,0.388,0.13,9.6,24.4,17.2,6.4,1.3,2.4,8.9,21.3,2.9,2.6,5.5,0.131,1.2,-1,0.2,1.1,10843350,"MIL",250,82
"24","Bogdan Bogdanović","bogdabo01","ATL","SG",29,63,27,29.3,5.4,12.6,0.431,2.7,7.3,0.368,2.7,5.3,0.516,1.5,1.8,0.843,0.5,3.5,4,3.1,1.1,0.2,1.1,2.1,15.1,15.4,0.562,0.578,0.145,1.7,13,7.4,15.5,1.8,0.7,7.7,21.6,2.5,1.2,3.7,0.095,1.5,-0.2,1.3,1.5,1.8e+07,"ATL",220,78
"25","Bojan Bogdanović","bogdabo02","UTA","PF",32,69,69,30.9,6.1,13.4,0.455,2.6,6.8,0.387,3.5,6.7,0.524,3.2,3.8,0.858,0.8,3.4,4.3,1.7,0.5,0,1.7,1.7,18.1,15.7,0.599,0.504,0.28,3.1,11.8,7.6,8.7,0.8,0,10.2,23.7,3.6,1.6,5.2,0.118,1.6,-1.6,0,1.1,19343000,"UTA",226,79
"26","Bol Bol","bolbo01","DEN","PF",22,14,0,5.8,1.1,1.9,0.556,0.1,0.3,0.25,1,1.6,0.609,0.1,0.4,0.4,0.3,1.1,1.4,0.4,0.1,0.1,0.3,0.3,2.4,13.5,0.565,0.148,0.185,5.7,21.4,13.8,9.1,0.6,2.2,12,18,0,0.1,0.1,0.065,-0.5,-0.4,-1,0,2200000,"ORL",220,86
"27","Bones Hyland","hylanbo01","DEN","SG",21,69,4,19,3.3,8.3,0.403,1.9,5.2,0.366,1.4,3.1,0.465,1.6,1.8,0.856,0.2,2.5,2.7,2.8,0.6,0.3,1.2,2.2,10.1,14.4,0.558,0.627,0.219,1.2,14.4,8,21.2,1.5,1.4,12.1,23.8,1.1,1.3,2.4,0.088,0.3,-0.7,-0.4,0.5,2201400,"DEN",169,74
"28","Bradley Beal","bealbr01","WAS","SG",28,40,40,36,8.7,19.3,0.451,1.6,5.3,0.3,7.1,14,0.508,4.2,5.1,0.833,1,3.8,4.7,6.6,0.9,0.4,3.4,2.4,23.2,17.5,0.539,0.272,0.263,3,11.4,7.3,30.8,1.2,0.9,13.6,30.8,0.6,0.7,1.4,0.046,2,-1.2,0.8,1,43279250,"WAS",207,76
"29","Brandon Boston Jr.","bostobr01","LAC","SG",20,51,0,14.9,2.5,6.4,0.385,0.7,2.2,0.306,1.8,4.2,0.425,1.2,1.4,0.819,0.3,1.8,2.2,1,0.5,0.3,0.6,0.8,6.7,11.2,0.481,0.342,0.222,2.4,12.7,7.7,10.1,1.7,1.5,8,22.4,-0.5,0.9,0.4,0.026,-3,-0.4,-3.3,-0.3,1563518,"LAC",185,79
"30","Brandon Clarke","clarkbr01","MEM","PF",25,64,1,19.5,4.5,7,0.644,0.1,0.3,0.227,4.4,6.6,0.666,1.3,2,0.654,2.1,3.2,5.3,1.3,0.6,1.1,0.5,1.9,10.4,23.7,0.66,0.049,0.291,11.1,17.8,14.4,10.3,1.5,4.9,6.3,17.7,4.4,1.9,6.3,0.241,3.1,1.1,4.2,2,4343920,"MEM",215,80
"31","Brandon Ingram","ingrabr01","NOP","SF",24,55,55,34,8.2,17.9,0.461,1.3,4.1,0.327,6.9,13.8,0.501,4.8,5.9,0.826,0.6,5.2,5.8,5.6,0.6,0.5,2.7,2.2,22.7,18.7,0.554,0.23,0.328,2,17.3,9.5,27.8,0.9,1.3,11.8,29.3,2.5,1.3,3.9,0.099,2.6,-0.6,2,1.9,31650600,"NOP",190,80
"32","Brook Lopez","lopezbr01","MIL","C",33,13,11,22.9,4.7,10.1,0.466,1.5,4.1,0.358,3.2,6,0.538,1.5,1.8,0.87,1.5,2.6,4.1,0.5,0.6,1.2,0.9,2.6,12.4,16,0.57,0.405,0.176,6.9,11.9,9.4,3,1.3,4.8,7.8,21.9,0.3,0.3,0.7,0.108,-0.7,-0.7,-1.3,0.1,13906976,"MIL",282,84
"33","Bruce Brown","brownbr01","BRK","SF",25,72,45,24.6,3.6,7,0.506,0.5,1.3,0.404,3,5.7,0.529,1.3,1.8,0.758,1.4,3.4,4.8,2.1,1.1,0.7,0.8,2.4,9,15,0.575,0.186,0.253,6.3,14.7,10.6,11.5,2.1,2.6,9.1,15,2.8,2,4.8,0.13,-0.4,1.1,0.7,1.2,6479000,"DEN",202,76
"34","Bryn Forbes","forbebr01","TOT","SG",28,75,2,17.1,3.1,7.2,0.429,1.6,3.9,0.414,1.5,3.3,0.447,1.1,1.2,0.908,0.1,1.1,1.2,1,0.3,0.1,0.7,1.3,8.8,11.5,0.574,0.547,0.161,0.9,6.9,3.9,8.3,0.9,0.3,8.8,21.2,0.8,0.6,1.4,0.054,-0.7,-2.2,-2.9,-0.3,2298385,"MIN",205,74
"35","Buddy Hield","hieldbu01","TOT","SG",29,81,32,30.9,5.5,13.6,0.406,3.2,8.8,0.366,2.3,4.7,0.482,1.4,1.6,0.874,0.8,3.5,4.4,2.8,0.9,0.3,1.9,2.3,15.6,12.9,0.548,0.652,0.116,2.9,12.8,7.8,13.8,1.4,0.9,11.7,22.4,0.8,1.1,1.9,0.036,0.5,-1.7,-1.2,0.5,20522727,"IND",220,76
"36","Cade Cunningham","cunnica01","DET","SG",20,64,64,32.6,6.7,16.1,0.416,1.8,5.7,0.314,4.9,10.4,0.472,2.2,2.6,0.845,0.9,4.6,5.5,5.6,1.2,0.7,3.7,3.1,17.4,13.1,0.504,0.352,0.163,2.9,16.2,9.2,29.1,1.8,1.9,17.5,27.5,-2.4,1.9,-0.5,-0.011,-1.1,-0.5,-1.6,0.2,10552800,"DET",220,78
"37","Caleb Martin","martica02","MIA","SF",26,60,12,22.9,3.5,6.8,0.507,1.1,2.6,0.413,2.4,4.3,0.565,1.2,1.6,0.763,1.2,2.7,3.8,1.1,1,0.5,0.9,1.7,9.2,14.8,0.611,0.378,0.227,5.9,13,9.5,7,2.1,2.3,10.3,16.3,1.9,2.1,4,0.139,0.1,0.9,1.1,1.1,6327160,"MIA",205,77
"38","Cam Reddish","reddica01","TOT","SF",22,49,7,20.7,3.4,8.3,0.404,1.3,3.8,0.359,2,4.6,0.442,2.1,2.3,0.902,0.5,1.6,2.1,1,1,0.3,1.2,1.2,10.1,12.8,0.543,0.451,0.275,2.7,8.6,5.7,7,2.3,1.4,11.1,22.2,0.2,0.8,1,0.046,-1,-0.3,-1.3,0.2,5954454,"NYK",217,80
"39","Cam Thomas","thomaca02","BRK","SG",20,67,2,17.6,3.3,7.5,0.433,0.7,2.6,0.27,2.6,4.9,0.52,1.3,1.6,0.829,0.2,2.2,2.4,1.2,0.5,0.1,0.8,1,8.5,11.7,0.519,0.346,0.209,1.5,13.1,7.5,9.7,1.4,0.6,9.1,22.1,0,0.8,0.8,0.033,-2,-1.4,-3.4,-0.4,2138160,"BRK",210,75
"40","Cameron Johnson","johnsca02","PHO","PF",25,66,16,26.2,4.2,9.2,0.46,2.5,5.9,0.425,1.7,3.3,0.523,1.5,1.7,0.86,0.6,3.5,4.1,1.5,0.9,0.2,0.7,1.7,12.5,15.2,0.625,0.644,0.188,2.7,14,8.5,7.7,1.6,0.8,6.7,17.5,3.2,2.4,5.6,0.156,2,0.7,2.7,2.1,5887899,"PHO",210,80
"41","Cameron Payne","payneca01","PHO","PG",27,58,12,22,4.1,10.1,0.409,1.2,3.6,0.336,2.9,6.5,0.449,1.3,1.5,0.843,0.4,2.6,3,4.9,0.7,0.3,1.8,2.1,10.8,13.8,0.5,0.359,0.152,2.1,12.3,7.3,30.7,1.5,1.2,14.1,24.6,0.2,1.8,1.9,0.073,-0.4,0.4,0,0.7,6e+06,"PHO",183,73
"42","Caris LeVert","leverca01","TOT","SG",27,58,49,30.7,6.5,14.7,0.444,1.4,4.4,0.32,5.1,10.3,0.497,2.5,3.3,0.756,0.7,2.9,3.7,4.3,0.9,0.4,1.9,2.3,17,15.1,0.525,0.3,0.226,2.7,10.7,6.7,22,1.4,1.1,10.3,25.4,1.2,1,2.2,0.059,0,-1.2,-1.2,0.4,18796296,"CLE",205,78
"43","Carsen Edwards","edwarca01","DET","SG",23,4,0,19.8,2.3,7.5,0.3,1,4,0.25,1.3,3.5,0.357,0.3,0.3,1,0.5,1,1.5,3.5,0.5,0,1.3,1,5.8,5.5,0.378,0.533,0.033,2.6,5.8,4.1,26.2,1.2,0,14.1,19.2,-0.1,0,-0.1,-0.075,-6,-3.4,-9.3,-0.1,1815677,"DET",200,71
"44","Cedi Osman","osmande01","CLE","SF",26,66,3,22.2,3.7,8.7,0.432,1.9,5.4,0.357,1.8,3.2,0.559,1.3,2,0.664,0.4,1.8,2.2,2,0.8,0.2,1,1.9,10.7,13.3,0.563,0.628,0.229,1.9,9,5.5,14.1,1.8,0.6,9.6,21.1,1.3,1.6,2.9,0.094,-0.3,0.5,0.2,0.8,7426088,"CLE",230,79
"45","Charles Bassey","bassech01","PHI","C",21,23,0,7.3,1.3,2,0.638,0,0.2,0,1.3,1.9,0.698,0.4,0.5,0.75,1,1.7,2.7,0.3,0.2,0.7,0.3,1.4,3,21.5,0.66,0.085,0.255,14.9,26.1,20.6,6.5,1.5,9.1,13.3,16.1,0.4,0.3,0.8,0.22,-0.4,2.1,1.7,0.2,1563518,"PHI",230,81
"46","Chimezie Metu","metuch01","SAC","C",24,60,20,21.3,3.4,7.5,0.452,1,3.1,0.306,2.4,4.4,0.555,1.2,1.5,0.78,0.6,5,5.6,1,0.9,0.5,1,1.6,8.9,13.4,0.546,0.414,0.203,2.9,25.9,14.3,6.9,1.9,2.2,11.1,18.5,0.1,1.4,1.5,0.056,-1.6,0.1,-1.5,0.2,1910860,"SAC",225,81
"47","Chris Boucher","bouchch01","TOR","PF",29,80,9,21.1,3.4,7.2,0.464,0.9,2.9,0.297,2.5,4.4,0.575,1.9,2.4,0.777,2.2,3.9,6.2,0.3,0.6,0.9,0.5,2.2,9.4,17.9,0.57,0.397,0.334,10.9,21.3,15.8,2.2,1.4,4.3,6,17.8,3.5,2.4,6,0.169,0.5,-0.4,0,0.9,12771739,"TOR",200,81
"48","Chris Duarte","duartch01","IND","SG",24,55,39,28,4.9,11.3,0.432,1.7,4.6,0.369,3.2,6.7,0.475,1.6,2,0.804,0.7,3.4,4.1,2.1,1,0.2,1.6,1.7,13.1,12.3,0.537,0.411,0.18,2.9,13.6,8.2,10.9,1.8,0.6,11.8,21.1,0.2,0.7,0.9,0.029,-1.2,-1.1,-2.3,-0.1,3936960,"IND",190,77
"49","Chris Paul","paulch01","PHO","PG",36,65,65,32.9,5.6,11.3,0.493,1,3.1,0.317,4.6,8.3,0.559,2.6,3.1,0.837,0.3,4,4.4,10.8,1.9,0.3,2.4,2.1,14.7,20.8,0.581,0.27,0.274,1.1,12.8,7.1,44.5,2.7,0.8,15.6,19.7,5.8,3.6,9.4,0.21,3.1,2.3,5.4,4,28400000,"PHO",175,72
"50","Christian Wood","woodch01","HOU","C",26,68,67,30.8,6.5,12.9,0.501,1.9,4.9,0.39,4.5,8,0.57,3,4.9,0.623,1.6,8.5,10.1,2.3,0.8,1,1.9,2.5,17.9,19.1,0.595,0.383,0.378,5.7,30.4,18,12.2,1.2,2.8,11,23.3,2.9,2,4.9,0.112,2.1,-0.4,1.6,1.9,14317459,"DAL",214,81
"51","Chuma Okeke","okekech01","ORL","PF",23,70,20,25,3.1,8.2,0.376,1.7,5.3,0.318,1.4,2.9,0.48,0.8,0.9,0.846,0.7,4.3,5,1.7,1.4,0.6,0.8,1.4,8.6,12,0.501,0.645,0.113,2.8,18.2,10.5,10.1,2.7,2.2,8.6,16.4,-0.3,2.5,2.2,0.06,-1.6,1.5,-0.1,0.8,3433320,"ORL",229,78
"52","CJ McCollum","mccolcj01","TOT","SG",30,62,62,34.6,8.6,18.8,0.46,2.9,7.6,0.388,5.7,11.2,0.509,1.9,2.7,0.682,0.9,3.5,4.3,5.1,1.1,0.4,2,2,22.1,18.3,0.553,0.403,0.146,2.6,11.5,6.9,26.1,1.6,1,9.3,27.5,2.6,1,3.6,0.081,3.2,-1.3,1.9,2.1,33333333,"NOP",190,75
"53","Clint Capela","capelca01","ATL","C",27,74,73,27.6,5,8.2,0.613,0,0,0,5,8.1,0.614,1.1,2.3,0.473,3.8,8.1,11.9,1.2,0.7,1.3,0.6,2.2,11.1,21.4,0.604,0.002,0.28,15,31.9,23.5,6.6,1.3,4.1,6.1,15.5,5.6,2.7,8.3,0.195,2.1,-0.1,2,2.1,18206897,"ATL",256,82
"54","Coby White","whiteco01","CHI","PG",21,61,17,27.5,4.6,10.6,0.433,2.2,5.8,0.385,2.3,4.8,0.491,1.3,1.5,0.857,0.3,2.7,3,2.9,0.5,0.2,1.1,2.2,12.7,12.6,0.564,0.548,0.141,1.1,11,6.1,15,0.8,0.6,9.3,19.8,1.6,0.8,2.4,0.067,-0.4,-1.7,-2.1,0,7413955,"CHI",195,76
"55","Cole Anthony","anthoco01","ORL","PG",21,65,65,31.7,5.5,14,0.391,2,6,0.338,3.5,8,0.432,3.3,3.9,0.854,0.5,4.9,5.4,5.7,0.7,0.3,2.6,2.6,16.3,13.5,0.519,0.429,0.277,1.6,16.2,8.9,28.9,1.1,0.8,14.2,25.1,-0.1,1.7,1.6,0.038,-0.6,-0.6,-1.2,0.4,3613680,"ORL",185,75
"56","Corey Kispert","kispeco01","WAS","SF",22,77,36,23.4,3,6.7,0.455,1.5,4.2,0.35,1.6,2.5,0.629,0.7,0.8,0.871,0.7,2,2.7,1.1,0.5,0.3,0.6,1.2,8.2,10.9,0.586,0.623,0.121,3.3,9.4,6.4,6.7,1,1,8.5,14.6,1.6,0.7,2.3,0.061,-0.8,-1.5,-2.3,-0.1,3552960,"WAS",224,78
"57","Cory Joseph","josepco01","DET","PG",30,65,39,24.6,2.7,6.2,0.445,1,2.4,0.414,1.7,3.7,0.465,1.5,1.7,0.885,0.4,2.2,2.7,3.6,0.6,0.3,1.3,2.3,8,11.4,0.579,0.393,0.283,1.9,10.3,5.9,21.8,1.3,1,15.9,14.3,1.7,0.8,2.5,0.075,-2,-0.1,-2.1,0,5155000,"DET",200,75
"58","D'Angelo Russell","russeda01","MIN","PG",25,65,65,32,6.2,15,0.411,2.7,8,0.34,3.5,7,0.492,3,3.7,0.825,0.4,2.9,3.3,7.1,1,0.3,2.5,2,18.1,16.3,0.544,0.531,0.246,1.3,10.1,5.6,33.1,1.4,1,13.2,25.1,2.9,1.5,4.4,0.101,2.2,-1.5,0.8,1.4,31377750,"MIN",193,76
"59","D.J. Augustin","augusdj01","TOT","PG",34,55,2,16.1,1.7,4,0.423,1.2,3,0.415,0.5,1.1,0.448,0.7,0.8,0.884,0.2,1,1.2,1.9,0.3,0,1,0.7,5.3,9.7,0.61,0.739,0.194,1.4,7,4.2,16.8,0.9,0.1,18.9,14.3,0.7,0.1,0.8,0.043,-1.2,-2.4,-3.6,-0.4,333333,"HOU",183,71
"60","D.J. Wilson","wilsodj01","TOR","PF",25,4,1,13.5,2.8,3.8,0.733,0,0.5,0,2.8,3.3,0.846,2,2.5,0.8,0.3,3.8,4,1.3,1.3,0.3,0.5,1.5,7.5,27.9,0.773,0.133,0.667,1.9,31.8,16.1,14.6,4.6,1.8,9.3,17,0.2,0.1,0.4,0.328,1.8,3.2,5,0.1,2133278,"TOR",231,82
"61","Daishen Nix","nixda01","HOU","SG",19,24,0,10.9,1.1,2.8,0.403,0.3,1.1,0.269,0.8,1.7,0.488,0.7,1.3,0.533,0.3,1.1,1.4,1.7,0.6,0,1.1,0.9,3.2,8.1,0.48,0.388,0.448,2.9,11,6.9,21.5,2.7,0,24.5,17.3,-0.3,0.1,-0.2,-0.033,-5.4,-1,-6.4,-0.3,1563518,"HOU",226,76
"62","Dalano Banton","bantoda01","TOR","PG",22,64,1,10.9,1.3,3.2,0.411,0.2,0.8,0.255,1.1,2.4,0.464,0.4,0.7,0.591,0.6,1.3,1.9,1.5,0.4,0.2,0.8,1.1,3.2,10,0.463,0.252,0.218,5.6,14.1,9.7,19.8,2,1.4,19.3,16.9,-0.4,0.8,0.4,0.03,-3.5,0.4,-3.1,-0.2,1563518,"TOR",204,79
"63","Damian Jones","jonesda03","SAC","C",26,56,15,18.2,3.1,4.8,0.658,0.2,0.5,0.345,2.9,4.2,0.696,1.7,2.3,0.718,1.3,3.1,4.4,1.2,0.5,0.8,1.1,2.3,8.1,18.3,0.701,0.109,0.492,7.9,18.5,13.2,10.2,1.2,4,15.4,16.2,2.4,0.9,3.3,0.156,-0.2,0.5,0.3,0.6,2298385,"LAL",245,83
"64","Damian Lillard","lillada01","POR","PG",31,29,29,36.4,7.7,19,0.402,3.2,9.8,0.324,4.5,9.2,0.485,5.5,6.2,0.878,0.4,3.7,4.1,7.3,0.6,0.4,2.9,1.3,24,18.5,0.55,0.514,0.328,1.3,11.6,6.2,34,0.8,1,11.6,29.3,1.7,0.1,1.7,0.079,4,-2.7,1.3,0.9,42492492,"POR",195,74
"65","Damion Lee","leeda03","GSW","SG",29,63,5,19.9,2.7,6.1,0.441,1,3,0.337,1.7,3.1,0.541,1,1.2,0.88,0.4,2.8,3.2,1,0.6,0.1,0.6,1.5,7.4,10.9,0.561,0.488,0.196,2.4,14.9,8.8,7.1,1.5,0.5,8.4,15.8,0.9,1.8,2.7,0.102,-2.4,0.4,-2,0,2133278,"PHO",210,77
"66","Daniel Gafford","gaffoda01","WAS","C",23,72,53,20.1,4,5.7,0.693,0,0,0,4,5.7,0.695,1.5,2.1,0.699,2.2,3.5,5.7,0.9,0.4,1.4,0.9,2.4,9.4,21.8,0.708,0.002,0.372,12.1,19,15.6,7.3,1,5.8,12,16.7,4.4,1.6,6,0.198,1.1,0.5,1.6,1.3,1930681,"WAS",234,81
"67","Daniel Theis","theisda01","TOT","C",29,47,27,20.8,3.2,6.2,0.519,0.7,2.3,0.308,2.5,3.9,0.641,1,1.5,0.681,1.3,3.6,4.9,0.9,0.4,0.7,1,2.4,8.2,13.2,0.595,0.368,0.247,6.6,18.8,12.7,6.3,1,2.9,12.5,16.2,0.9,1,1.9,0.093,-1.9,-0.2,-2.1,0,8694369,"IND",245,81
"68","Danilo Gallinari","gallida01","ATL","PF",33,66,18,25.3,3.9,9,0.434,1.7,4.5,0.381,2.2,4.6,0.485,2.1,2.4,0.904,0.5,4.1,4.7,1.5,0.4,0.2,0.6,1.4,11.7,14.3,0.579,0.492,0.261,2.3,17.8,10.1,8.5,0.8,0.6,5.4,18.4,2.8,0.8,3.6,0.105,1,-1.2,-0.2,0.8,16907880,"SAS",236,82
"69","Danny Green","greenda02","PHI","SF",34,62,28,21.8,2,5.2,0.394,1.7,4.4,0.38,0.4,0.8,0.469,0.2,0.2,0.786,0.5,2,2.5,1,1,0.6,0.7,1.7,5.9,9.5,0.561,0.847,0.044,2.7,10.1,6.5,6.5,2.2,2.5,12.1,12.3,0.3,1.6,1.9,0.067,-1.4,0.8,-0.5,0.5,1e+07,"MEM",215,78
"70","Danuel House Jr.","houseda01","UTA","SF",28,42,7,17.3,1.9,4.7,0.404,1,2.8,0.376,0.9,1.9,0.444,1,1.4,0.759,0.4,2.2,2.6,1,0.5,0.4,0.8,1.2,5.9,10.6,0.555,0.591,0.293,2.8,13.8,8.4,8.4,1.4,2.1,12.9,15.2,0.4,0.7,1,0.068,-1.3,0.2,-1.1,0.2,4105000,"PHI",220,78
"71","Darius Bazley","bazleda01","OKC","PF",21,69,53,27.9,4,9.4,0.422,1.2,3.9,0.297,2.8,5.5,0.511,1.7,2.5,0.688,1,5.3,6.3,1.4,0.8,1,1.3,1,10.8,12.6,0.515,0.414,0.262,3.7,19.8,11.6,7.7,1.5,3.4,11.1,18.3,-0.5,2.2,1.8,0.044,-2.1,0.3,-1.8,0.1,4264629,"OKC",208,80
"72","Darius Garland","garlada01","CLE","PG",22,68,68,35.7,8,17.3,0.462,2.6,6.7,0.383,5.4,10.6,0.512,3.2,3.5,0.892,0.6,2.7,3.3,8.6,1.3,0.1,3.6,1.7,21.7,19,0.576,0.387,0.205,1.8,8.2,5.1,39.9,1.8,0.3,16.2,27.8,3.8,2.5,6.3,0.125,3.4,-0.8,2.6,2.8,8920795,"CLE",192,73
"73","David Nwaba","nwabada01","HOU","SF",29,46,4,13.2,1.8,3.8,0.483,0.3,1.1,0.306,1.5,2.8,0.551,1,1.5,0.716,0.9,2.4,3.3,0.8,0.6,0.4,0.5,1.2,5.1,15.3,0.567,0.278,0.381,7.4,20,13.6,8.5,2.2,2.9,9.3,15.8,0.8,0.5,1.3,0.105,-0.6,0,-0.6,0.2,5022000,"HOU",219,77
"74","Davion Mitchell","mitchda01","SAC","PG",23,75,19,27.7,4.7,11.2,0.418,1.3,4.3,0.316,3.3,7,0.48,0.7,1.1,0.659,0.4,1.8,2.2,4.2,0.7,0.3,1.5,1.9,11.5,10.8,0.489,0.38,0.101,1.7,7,4.4,22.5,1.3,1,11.5,20.6,-0.5,0.6,0.1,0.003,-2.1,-1.7,-3.8,-0.9,4833600,"SAC",202,72
"75","Dāvis Bertāns","bertada01","WAS","PF",29,56,0,14.4,1.8,4.9,0.36,1.4,4.1,0.335,0.4,0.8,0.489,0.6,0.7,0.9,0.2,1.9,2.1,0.6,0.3,0.2,0.3,1.5,5.6,9.4,0.531,0.836,0.145,1.7,14.3,8,5.5,1,1.3,6.1,17.3,0.2,0.7,0.9,0.053,-1.7,-0.9,-2.6,-0.1,1.6e+07,"DAL",225,82
"76","Davon Reed","reedda01","DEN","SG",26,48,5,13.9,1.7,3.4,0.503,0.8,1.8,0.43,0.9,1.6,0.587,0.2,0.3,0.667,0.3,2,2.3,1.1,0.5,0.2,0.3,1.3,4.4,12.2,0.624,0.534,0.093,2.4,15.2,9,10.7,1.8,1.2,8.7,12.1,0.9,0.7,1.6,0.117,-0.6,0.3,-0.3,0.3,1902133,"DEN",206,77
"77","Day'Ron Sharpe","sharpda01","BRK","PF",20,32,8,12.2,2.7,4.7,0.577,0.1,0.2,0.286,2.6,4.4,0.592,0.8,1.3,0.585,2.5,2.5,5,0.5,0.3,0.5,0.9,1.9,6.2,20.7,0.593,0.047,0.275,23.2,21.4,22.3,6.7,1.2,3.4,15.2,21.7,0.8,0.5,1.2,0.152,-0.3,-2.5,-2.8,-0.1,2109360,"BRK",265,81
"78","De'Aaron Fox","foxde01","SAC","PG",24,59,59,35.3,8.7,18.5,0.473,1.3,4.2,0.297,7.5,14.3,0.524,4.4,5.9,0.75,0.4,3.5,3.9,5.6,1.2,0.4,2.8,2.9,23.2,17.4,0.549,0.228,0.319,1.3,10.9,6,26.8,1.6,1,11.9,29.1,1.5,1,2.5,0.058,0.6,-1.2,-0.6,0.7,30351780,"SAC",185,75
"79","De'Andre Hunter","huntede01","ATL","SF",24,53,52,29.8,4.8,10.8,0.442,1.4,3.7,0.379,3.4,7.2,0.474,2.4,3.1,0.765,0.5,2.8,3.3,1.3,0.7,0.4,1.3,2.9,13.4,10.6,0.547,0.339,0.289,1.8,10.4,6.1,6.1,1.1,1.2,9.6,19.9,0.4,0.7,1.1,0.034,-2.4,-1.5,-3.9,-0.8,9835881,"ATL",221,80
"80","De'Anthony Melton","meltode01","MEM","SG",23,73,15,22.7,3.8,9.5,0.404,1.9,5.1,0.374,1.9,4.4,0.44,1.2,1.6,0.75,0.9,3.6,4.5,2.7,1.4,0.5,1.5,1.8,10.8,15.2,0.529,0.535,0.173,4,17.1,10.4,16,3,2.1,13,21.3,0.9,2.8,3.7,0.107,0.3,1.6,1.9,1.6,8250000,"PHI",200,74
"81","Dean Wade","wadede01","CLE","PF",25,51,28,19.2,1.9,4.3,0.456,1,2.8,0.359,0.9,1.5,0.64,0.4,0.6,0.667,0.6,2.3,2.9,1,0.6,0.1,0.3,1.7,5.3,10.1,0.584,0.654,0.138,3.6,13.1,8.5,7.3,1.5,0.6,6.5,11.1,1.1,1.1,2.3,0.111,-1.9,1.3,-0.6,0.4,1930681,"CLE",228,81
"82","DeAndre Jordan","jordade01","TOT","C",33,48,20,13,1.9,3,0.643,0,0,0,1.9,3,0.643,0.5,0.8,0.55,1.7,3.8,5.5,0.4,0.3,0.7,0.8,1.5,4.3,17.2,0.641,0,0.28,14.7,31.4,23.1,4.9,0.9,5,18.7,13.9,0.9,1,1.9,0.145,-1.5,0.1,-1.4,0.1,10733758,"DET",265,83
"83","Dejounte Murray","murrade01","SAS","PG",25,68,68,34.8,8.4,18.3,0.462,1.4,4.3,0.327,7,13.9,0.504,2.9,3.6,0.794,1.2,7.1,8.3,9.2,2,0.3,2.6,2,21.1,22.3,0.533,0.237,0.199,3.5,21.6,12.5,40.6,2.8,0.8,11.8,27.3,3.9,3.4,7.3,0.149,3.7,1.7,5.4,4.4,16571120,"ATL",180,76
"84","Delon Wright","wrighde01","ATL","SG",29,77,8,18.9,1.6,3.5,0.454,0.6,1.5,0.379,1,2,0.51,0.7,0.8,0.857,0.6,2.2,2.9,2.4,1.2,0.2,0.6,0.7,4.4,13.8,0.576,0.431,0.234,3.8,12.7,8.3,16.6,3.1,1.2,13.2,10.3,2.2,1.5,3.6,0.121,-0.2,2.4,2.2,1.6,7804878,"WAS",185,77
"85","DeMar DeRozan","derozde01","CHI","PF",32,76,76,36.1,10.2,20.2,0.504,0.7,1.9,0.352,9.5,18.3,0.52,6.8,7.8,0.877,0.7,4.4,5.2,4.9,0.9,0.3,2.4,2.3,27.9,23.1,0.59,0.093,0.386,2.3,13.7,8,23.3,1.2,0.8,9.2,31.8,7,1.8,8.8,0.154,3.4,-0.9,2.5,3.1,27300000,"CHI",220,78
"86","Deni Avdija","avdijde01","WAS","SF",21,82,8,24.2,3,7.1,0.432,1,3.2,0.317,2,3.9,0.525,1.3,1.7,0.757,0.6,4.5,5.2,2,0.7,0.5,1.1,2.3,8.4,11.6,0.536,0.447,0.235,3,20.5,11.9,11.8,1.5,1.9,12,16.3,0.6,1.8,2.4,0.058,-2.1,0.4,-1.7,0.1,4916160,"WAS",210,81
"87","Derrick Favors","favorde01","OKC","C",30,39,18,16.7,2.4,4.7,0.516,0.1,0.4,0.125,2.4,4.3,0.554,0.4,0.6,0.64,1.5,3.2,4.7,0.6,0.4,0.3,0.2,1.6,5.3,13.6,0.534,0.088,0.137,9,20.2,14.5,5.9,1.3,1.7,4.5,13.4,0.8,0.7,1.4,0.105,-2.3,0.3,-2.1,0,10183800,"OKC",265,81
"88","Derrick Jones Jr.","jonesde02","CHI","PF",24,51,8,17.6,2.1,3.8,0.538,0.4,1.2,0.328,1.7,2.6,0.634,1.1,1.4,0.8,1.2,2.1,3.3,0.6,0.5,0.6,0.6,2.1,5.6,13,0.633,0.313,0.359,7.6,13.6,10.6,4.4,1.4,3.2,11.7,12.5,1.4,0.8,2.2,0.119,-1.5,0.5,-0.9,0.2,3173077,"CHI",210,78
"89","Derrick Rose","rosede01","NYK","PG",33,26,4,24.5,4.7,10.5,0.445,1.4,3.5,0.402,3.3,7,0.467,1.2,1.2,0.968,0.8,2.2,3,4,0.8,0.5,1.5,0.6,12,16.9,0.541,0.336,0.113,3.5,9.8,6.6,27.5,1.7,1.9,11.9,22.5,0.8,0.7,1.4,0.108,2.3,0,2.3,0.7,14520730,"NYK",200,74
"90","Derrick White","whitede01","TOT","SG",27,75,52,29.3,4.5,10.7,0.421,1.5,4.9,0.312,3,5.7,0.515,2.7,3.1,0.864,0.5,3,3.5,4.9,0.9,0.8,1.6,2.3,13.2,14.8,0.549,0.461,0.294,1.8,10.7,6.3,22.9,1.4,2.3,11.6,19.9,2.8,2.3,5.1,0.111,0.4,0.6,0.9,1.6,16392857,"BOS",190,76
"91","Desmond Bane","banede01","MEM","SG",23,76,76,29.8,6.7,14.5,0.461,3,6.9,0.436,3.7,7.6,0.484,1.8,2,0.903,0.6,3.8,4.4,2.7,1.2,0.4,1.5,2.6,18.2,17.6,0.592,0.475,0.141,2.1,13.6,7.7,13.5,1.9,1.1,8.7,23.1,4.5,2.7,7.2,0.153,2.5,0.3,2.7,2.7,2130240,"MEM",215,77
"92","Devin Booker","bookede01","PHO","SG",25,68,68,34.5,9.7,20.9,0.466,2.7,7,0.383,7,13.9,0.508,4.6,5.3,0.868,0.7,4.4,5,4.8,1.1,0.4,2.4,2.6,26.8,21.3,0.576,0.336,0.255,2.1,13.2,7.8,22.4,1.6,1,9.3,32,4.3,3.3,7.6,0.156,3.9,0.2,4.1,3.6,33833400,"PHO",206,77
"93","Devin Cannady","cannade01","ORL","PG",25,5,0,29,3,8.8,0.341,3,7.4,0.405,0,1.4,0,1,1.4,0.714,0.2,1,1.2,2,1,0.6,1,1.8,10,8.6,0.531,0.841,0.159,0.7,3.7,2.2,10,1.7,1.9,9.6,15.5,0,0.1,0.1,0.033,-2.8,-0.4,-3.2,0,1752638,"ORL",183,74
"94","Devin Vassell","vassede01","SAS","SF",21,71,32,27.3,4.6,10.8,0.427,1.9,5.4,0.361,2.7,5.4,0.492,1.2,1.4,0.838,0.6,3.7,4.3,1.9,1.1,0.6,0.8,2,12.3,13.3,0.54,0.497,0.13,2.4,14.3,8.3,9.7,1.9,1.8,6.7,18.9,1.3,2,3.3,0.082,-0.5,0,-0.5,0.7,4437000,"SAS",200,77
"95","Devonte' Graham","grahade01","NOP","PG",26,76,63,28.4,3.9,10.7,0.363,2.5,7.4,0.341,1.4,3.3,0.413,1.6,1.8,0.843,0.5,1.8,2.3,4.2,0.9,0.2,1.4,1.3,11.9,12.1,0.514,0.691,0.172,1.9,7.3,4.5,21,1.6,0.5,10.7,19.5,1.6,1.2,2.8,0.062,0.2,-1.2,-1,0.5,11550000,"NOP",195,73
"96","Dewayne Dedmon","dedmode01","MIA","C",32,67,15,15.9,2.4,4.3,0.566,0.3,0.7,0.404,2.2,3.6,0.597,1.1,1.5,0.75,1.6,4.2,5.8,0.7,0.4,0.6,1,2.6,6.3,15.9,0.632,0.162,0.345,11.4,29.4,20.6,6.7,1.1,4.2,17.3,16.9,1.5,2,3.5,0.157,-2.2,1.1,-1,0.3,7566667,"MIA",245,84
"97","Didi Louzada","louzama01","TOT","SF",22,9,1,14.3,1.3,3.7,0.364,1,2.6,0.391,0.3,1.1,0.3,0.2,0.2,1,0.6,1.3,1.9,0.6,0.2,0.2,0.6,1.4,3.9,6.4,0.517,0.697,0.061,4.1,10.6,7.2,5.3,0.8,1.5,12.9,13,0,0,0,-0.005,-4.1,-3.4,-7.5,-0.2,1876222,"POR",188,77
"98","Dillon Brooks","brookdi01","MEM","SF",26,32,31,27.7,7.1,16.4,0.432,1.4,4.7,0.309,5.7,11.8,0.48,2.8,3.3,0.849,0.9,2.3,3.2,2.8,1.1,0.3,1.6,3.3,18.4,15.5,0.515,0.283,0.202,3.4,8.8,6,15.4,1.9,0.8,8,28.8,0.7,0.9,1.6,0.087,-1,-0.8,-1.8,0,11400000,"MEM",225,79
"99","Domantas Sabonis","sabondo01","TOT","PF",25,62,61,34.5,7.1,12.5,0.573,0.6,2,0.312,6.5,10.5,0.623,4,5.4,0.741,3.2,8.9,12.1,5.2,1,0.4,3.1,3.3,18.9,21.9,0.637,0.162,0.429,10.3,29,19.5,23.6,1.3,1.1,17.5,22.3,5.3,1.8,7.1,0.159,3.2,0.9,4.1,3.2,18500000,"SAC",240,83
"100","Donovan Mitchell","mitchdo01","UTA","SG",25,67,67,33.8,9.2,20.5,0.448,3.5,9.8,0.355,5.7,10.8,0.533,4,4.7,0.853,0.8,3.4,4.2,5.3,1.5,0.2,3,2.4,25.9,21.6,0.572,0.475,0.227,2.7,10.6,6.8,27.7,2.2,0.5,11.7,32.9,4.7,2.5,7.2,0.152,4.6,-0.3,4.3,3.6,30351780,"UTA",215,73
"101","Donte DiVincenzo","divindo01","TOT","SG",25,42,1,24,2.8,8,0.351,1.8,5.2,0.339,1,2.8,0.373,1.7,2,0.843,1,3.1,4,2.8,1.1,0.2,1.7,1.6,9,11.3,0.51,0.649,0.247,4.3,14,9.1,16.1,2.3,0.7,16.2,18.9,-0.1,0.9,0.7,0.035,-1.8,-0.5,-2.3,-0.1,4500000,"GSW",203,76
"102","Dorian Finney-Smith","finnedo01","DAL","PF",28,80,80,33.1,4.1,8.7,0.471,2.2,5.4,0.395,1.9,3.2,0.599,0.7,1,0.675,1.5,3.2,4.7,1.9,1.1,0.5,1,2.3,11,12.5,0.604,0.629,0.12,5.1,10.7,7.9,8.2,1.7,1.3,9.9,13.8,3.4,3.2,6.6,0.121,0.1,0.7,0.8,1.9,12402000,"DAL",220,79
"103","Doug McDermott","mcderdo01","SAS","PF",30,51,51,24,4.2,9.1,0.462,2.1,5,0.422,2.1,4.1,0.512,0.8,1,0.784,0.4,1.9,2.3,1.3,0.3,0.1,0.8,1.5,11.3,11.4,0.593,0.551,0.11,1.5,8.4,4.9,7.3,0.5,0.4,8.1,18.3,1.1,0.5,1.6,0.062,-0.4,-2.1,-2.5,-0.1,13750000,"SAS",225,79
"104","Draymond Green","greendr01","GSW","PF",31,46,44,28.9,2.9,5.6,0.525,0.3,1.2,0.296,2.6,4.4,0.586,1.3,2,0.659,1,6.3,7.3,7,1.3,1.1,3,3,7.5,14.3,0.582,0.21,0.354,3.8,23.2,13.8,32.5,2.2,3.6,31.9,14.3,0.8,2.8,3.6,0.131,-1.4,4.6,3.2,1.8,25806469,"GSW",230,78
"105","Drew Eubanks","eubandr01","TOT","C",24,71,31,17.5,3.1,5.2,0.596,0.1,0.3,0.217,3,4.9,0.621,1.4,1.8,0.762,1.8,3.5,5.4,1.2,0.4,0.6,1.1,1.7,7.7,18,0.638,0.062,0.35,11,22.2,16.5,10.1,1.2,2.8,15.9,17.5,2.2,1.1,3.4,0.13,-0.5,-0.9,-1.4,0.2,1968175,"POR",245,81
"106","Duncan Robinson","robindu01","MIA","SG",27,79,68,25.9,3.7,9.2,0.399,2.9,7.9,0.372,0.7,1.3,0.569,0.6,0.8,0.836,0.3,2.3,2.6,1.6,0.5,0.2,0.8,2.5,10.9,10.6,0.573,0.86,0.084,1.4,9.8,5.6,9.3,1,0.7,7.4,17.7,1.9,2,3.9,0.092,-0.3,-0.3,-0.6,0.7,16902000,"MIA",215,79
"107","Dwight Powell","poweldw01","DAL","C",30,82,71,21.9,3.3,4.9,0.671,0.2,0.5,0.351,3.1,4.4,0.703,2,2.6,0.783,2.1,2.8,4.9,1.2,0.5,0.5,0.8,2.7,8.7,18.1,0.725,0.092,0.529,10.7,14.3,12.5,8.1,1,2,11.5,14,6,2.2,8.2,0.219,0.4,0.5,0.9,1.3,11080125,"DAL",240,82
"108","Dylan Windler","windldy01","CLE","SF",25,50,0,9.2,0.7,2,0.378,0.4,1.4,0.3,0.3,0.6,0.571,0.3,0.4,0.833,0.4,1.4,1.8,0.7,0.3,0.1,0.3,0.9,2.2,8.8,0.519,0.714,0.184,5.2,16,10.7,10,1.5,0.6,13.1,11.8,0.2,0.6,0.8,0.084,-2.9,1.2,-1.7,0,4037278,"CLE",196,78
"109","Eric Bledsoe","bledser01","LAC","PG",32,54,29,25.2,3.6,8.7,0.421,0.9,3,0.313,2.7,5.6,0.479,1.6,2.2,0.761,0.5,2.9,3.4,4.2,1.3,0.4,2.1,1.6,9.9,12.5,0.514,0.348,0.25,2.2,11.6,7.1,24.1,2.5,1.2,18.3,20.5,-0.5,1.8,1.3,0.047,-2.1,1.3,-0.8,0.4,3900000,"POR",214,73
"110","Eric Gordon","gordoer01","HOU","SG",33,57,46,29.3,4.7,9.9,0.475,2.2,5.3,0.412,2.5,4.6,0.548,1.8,2.4,0.778,0.3,1.7,2,2.7,0.5,0.3,1.9,1.1,13.4,12.1,0.614,0.534,0.239,1,6.5,3.7,14.1,0.8,1,14.6,18.6,1.5,-0.1,1.4,0.04,-0.1,-2.2,-2.3,-0.1,19568360,"HOU",215,75
"111","Evan Fournier","fournev01","NYK","SG",29,80,80,29.5,5,12.1,0.417,3,7.7,0.389,2,4.3,0.465,1,1.4,0.708,0.4,2.2,2.6,2.1,1,0.3,1.3,2.3,14.1,12.3,0.554,0.641,0.117,1.5,8.2,4.8,11.9,1.7,0.8,9.4,20.8,1.5,2.2,3.7,0.075,-0.4,-0.3,-0.7,0.7,1.8e+07,"NYK",205,78
"112","Evan Mobley","mobleev01","CLE","PF",20,69,69,33.8,6.1,12,0.508,0.3,1.3,0.25,5.8,10.7,0.541,2.4,3.7,0.663,2.1,6.2,8.3,2.5,0.8,1.7,1.9,2.1,15,16.1,0.549,0.111,0.304,6.9,19.8,13.5,11.6,1.2,4.4,12.4,20.4,1.5,3.7,5.2,0.107,-0.9,1.5,0.6,1.5,8478720,"CLE",215,83
"113","Frank Jackson","jacksfr01","DET","PG",23,53,7,22,3.7,9.1,0.402,1.6,5.3,0.308,2,3.8,0.529,1.6,2,0.827,0.4,1.3,1.6,1,0.5,0.2,0.7,1.7,10.6,10.6,0.53,0.578,0.215,1.7,6.7,4,7.6,1.1,0.7,6.7,20.9,0.3,0.4,0.7,0.031,-1.8,-1.7,-3.5,-0.4,3150000,"DET",205,75
"114","Frank Kaminsky","kaminfr01","PHO","C",28,9,0,20.1,4,7.3,0.545,0.6,1.7,0.333,3.4,5.7,0.608,2,2.2,0.9,1.2,3.3,4.6,1.4,0.9,0.8,0.6,1.6,10.6,21.3,0.635,0.227,0.303,6.7,17.3,12.1,10.1,2.1,3.4,6.3,19,0.5,0.3,0.9,0.228,2.4,2.5,4.9,0.3,2463490,"ATL",240,84
"115","Frank Ntilikina","ntilila01","DAL","SG",23,58,5,11.8,1.5,3.8,0.399,0.7,1.9,0.342,0.9,1.9,0.455,0.4,0.4,0.96,0.2,1.2,1.4,1.2,0.5,0.1,0.5,1.1,4.1,10.4,0.513,0.498,0.112,1.9,10.9,6.4,14.7,2,0.9,11.7,17.4,0.1,0.9,0.9,0.065,-2.8,0.9,-1.9,0,2036318,"DAL",200,76
"116","Franz Wagner","wagnefr01","ORL","SF",20,79,79,30.7,5.8,12.3,0.468,1.2,3.4,0.354,4.6,8.9,0.511,2.4,2.8,0.863,1.1,3.4,4.5,2.9,0.9,0.4,1.5,2.1,15.2,14.7,0.559,0.278,0.225,3.6,11.9,7.7,15.7,1.4,1.3,10,21.2,2.1,1.9,4,0.079,-0.4,-0.3,-0.7,0.8,5258280,"ORL",220,82
"117","Fred VanVleet","vanvlfr01","TOR","PG",27,65,65,37.9,6.8,16.9,0.403,3.7,9.9,0.377,3.1,7,0.44,3,3.4,0.874,0.7,3.8,4.4,6.7,1.7,0.5,2.6,2.5,20.3,17.3,0.552,0.585,0.202,1.8,11.4,6.4,26.7,2.3,1.4,12.5,23.7,3.9,2.8,6.7,0.131,3.1,0.5,3.6,3.5,21250000,"TOR",197,73
"118","Furkan Korkmaz","korkmfu01","PHI","SG",24,67,19,21.1,2.7,7,0.387,1.1,4,0.289,1.6,3,0.515,1,1.3,0.81,0.3,2.3,2.6,1.9,0.5,0.1,0.7,0.9,7.6,10.2,0.502,0.566,0.179,1.8,11.9,6.9,13.1,1.2,0.6,8.6,17.6,0.1,1.1,1.2,0.041,-2,-1.1,-3.1,-0.4,5e+06,"PHI",202,79
"119","Gabe Vincent","vincega01","MIA","PG",25,68,27,23.4,3.1,7.5,0.417,1.8,4.8,0.368,1.4,2.8,0.5,0.6,0.8,0.815,0.3,1.5,1.9,3.1,0.9,0.2,1.4,2.3,8.7,10.6,0.551,0.63,0.105,1.6,7.3,4.5,19.4,2,0.8,15.4,17.8,0.7,1.9,2.5,0.076,-1.9,0.5,-1.4,0.2,1815677,"MIA",200,75
"120","Garrett Temple","templga01","NOP","SG",35,59,16,18.6,1.9,5,0.376,1,3.1,0.319,0.9,1.9,0.473,0.5,0.7,0.683,0.5,1.9,2.4,1.3,0.7,0.4,0.7,1.4,5.2,8.6,0.494,0.627,0.139,2.9,11.8,7.2,9.2,1.9,2,11.8,13.9,-0.1,1,0.8,0.037,-2.8,0.3,-2.5,-0.1,5155500,"NOP",195,77
"121","Garrison Mathews","mathega01","HOU","SG",25,65,33,26.3,2.8,7.1,0.399,2.1,5.9,0.36,0.7,1.2,0.6,2.2,2.8,0.794,0.5,2.4,2.9,1,0.9,0.4,0.6,2.6,10,11,0.602,0.837,0.39,2,10.2,6.1,5.3,1.6,1.3,7.1,14.4,2.2,0.5,2.8,0.078,-1.3,-1,-2.3,-0.1,2e+06,"HOU",215,77
"122","Gary Payton II","paytoga02","GSW","SG",29,71,16,17.6,3,4.8,0.616,0.6,1.7,0.358,2.4,3.2,0.754,0.5,0.8,0.603,1,2.5,3.5,0.9,1.4,0.3,0.6,1.8,7.1,17.8,0.679,0.349,0.169,6.5,14.9,10.8,7.6,3.8,1.7,9.8,14.3,2.5,2.6,5.2,0.199,0.3,3.4,3.7,1.8,8300000,"POR",195,75
"123","Gary Trent Jr.","trentga02","TOR","SG",23,70,69,35,6.4,15.5,0.414,3,7.8,0.383,3.4,7.7,0.445,2.5,2.9,0.853,0.4,2.4,2.7,2,1.7,0.3,1,2.1,18.3,14.7,0.546,0.502,0.188,1.1,7.7,4.2,8.8,2.5,0.8,5.8,21.8,3.1,2.5,5.6,0.11,-0.1,0.3,0.2,1.3,17280000,"TOR",209,77
"124","George Hill","hillge01","MIL","PG",35,54,17,23.2,2.2,5.1,0.429,0.8,2.5,0.306,1.4,2.6,0.546,1.1,1.1,0.919,0.7,2.2,2.9,2.2,0.8,0.1,0.8,1.3,6.2,10.2,0.552,0.487,0.225,3.3,9.7,6.6,12.4,1.6,0.5,11.9,11.7,1.3,1,2.3,0.087,-2.2,0.6,-1.6,0.1,4e+06,"MIL",188,76
"125","Georges Niang","niangge01","PHI","PF",28,76,7,22.8,3.2,7.4,0.437,2.1,5.1,0.403,1.2,2.3,0.511,0.7,0.8,0.881,0.3,2.3,2.7,1.3,0.4,0.2,0.8,2.5,9.2,10.7,0.594,0.687,0.105,1.6,11.3,6.5,8.7,0.9,0.7,9.1,16.8,1.5,1.3,2.8,0.077,-0.8,-1.1,-1.9,0,3465000,"PHI",230,79
"126","Giannis Antetokounmpo","antetgi01","MIL","PF",27,67,67,32.9,10.3,18.6,0.553,1.1,3.6,0.293,9.2,15,0.616,8.3,11.4,0.722,2,9.6,11.6,5.8,1.1,1.4,3.3,3.2,29.9,32.1,0.633,0.194,0.615,6.6,30.4,18.7,31.7,1.6,4,12.2,34.9,9.2,3.7,12.9,0.281,7.6,3.5,11.2,7.4,42492568,"MIL",242,83
"127","Goga Bitadze","bitadgo01","IND","C",22,50,16,14.6,2.6,5,0.52,0.5,1.6,0.288,2.2,3.4,0.628,1.3,1.9,0.681,1.6,2,3.5,1.1,0.4,0.8,0.9,2.1,7,18,0.595,0.317,0.373,11.9,15.3,13.5,11.2,1.4,5,13.6,19.9,1.3,0.6,1.9,0.122,-0.2,-0.6,-0.8,0.2,4765339,"IND",250,84
"128","Gordon Hayward","haywago01","CHO","SF",31,49,48,31.9,5.8,12.6,0.459,1.8,4.5,0.391,4,8.1,0.496,2.6,3,0.846,0.8,3.8,4.6,3.6,1,0.4,1.7,1.7,15.9,15.1,0.57,0.357,0.241,2.5,12.8,7.6,16.1,1.4,1.3,10.6,20.7,1.9,1,2.8,0.087,0.1,-0.8,-0.7,0.5,30075000,"CHO",225,79
"129","Grant Williams","willigr01","BOS","PF",23,77,21,24.4,2.7,5.6,0.475,1.4,3.4,0.411,1.3,2.3,0.569,1.1,1.2,0.905,0.8,2.7,3.6,1,0.5,0.7,0.8,2.4,7.8,11.2,0.635,0.597,0.22,3.8,11.8,7.9,5.7,1,2.8,11.6,12.6,2.4,2.6,5.1,0.13,-1.4,1.1,-0.4,0.8,4306281,"BOS",236,78
"130","Grayson Allen","allengr01","MIL","SG",26,66,61,27.3,3.9,8.6,0.448,2.4,5.9,0.409,1.5,2.7,0.533,1,1.1,0.865,0.5,2.9,3.4,1.5,0.7,0.3,0.7,1.5,11.1,12.7,0.609,0.684,0.13,1.9,10.9,6.5,7.6,1.2,1,6.7,15.2,2.8,1.4,4.2,0.11,0.6,-0.2,0.4,1.1,8500000,"MIL",198,76
"131","Greg Brown III","browngr01","POR","SF",20,48,6,13.3,1.7,4,0.426,0.4,1.3,0.311,1.3,2.7,0.481,0.9,1.4,0.677,0.8,2,2.8,0.7,0.5,0.5,0.8,1.9,4.7,11,0.515,0.321,0.342,6.3,17.3,11.6,8.1,2,3.7,14.1,17.2,-0.1,0.5,0.4,0.029,-4,-0.7,-4.7,-0.4,1563518,"POR",206,79
"132","Hamidou Diallo","diallha01","DET","SG",23,58,29,21.9,4.5,9.1,0.496,0.4,1.6,0.247,4.1,7.5,0.55,1.6,2.4,0.65,1.2,3.6,4.8,1.3,1.2,0.3,1,2.5,11,15.7,0.541,0.177,0.266,5.6,18.7,11.8,9.8,2.7,1.2,9,21.8,0.6,1.5,2.1,0.079,-1.2,0.7,-0.5,0.5,5200000,"DET",202,77
"133","Harrison Barnes","barneha02","SAC","PF",29,77,77,33.6,5.1,10.8,0.469,1.8,4.7,0.394,3.2,6.2,0.525,4.4,5.4,0.826,1.1,4.5,5.6,2.4,0.7,0.2,1.5,1.2,16.4,15.7,0.623,0.432,0.495,3.4,14.9,9.1,10.5,1,0.5,10.4,18.8,5,1,6,0.112,1.5,-1.3,0.2,1.4,18352273,"SAC",225,80
"134","Haywood Highsmith","highsha01","MIA","SF",25,19,1,8.6,0.8,2.4,0.348,0.5,1.5,0.321,0.4,0.9,0.389,0.1,0.3,0.4,0.5,0.8,1.4,0.3,0.1,0.2,0.2,0.7,2.3,7,0.446,0.609,0.109,7.1,10.9,9,5.1,0.6,1.9,5.9,14,0,0.2,0.1,0.041,-3.3,-1.3,-4.6,-0.1,1752638,"MIA",220,76
"135","Herbert Jones","joneshe01","NOP","PF",23,78,69,29.9,3.5,7.4,0.476,0.7,2.2,0.337,2.8,5.2,0.533,1.8,2.1,0.84,1.3,2.5,3.8,2.1,1.7,0.8,1.3,3.1,9.5,12.3,0.573,0.293,0.283,4.5,9.6,7,10,2.7,2.5,13.4,13.7,2.1,2.5,4.6,0.096,-2,1.5,-0.5,0.9,1785000,"NOP",206,79
"136","Immanuel Quickley","quickim01","NYK","PG",22,78,3,23.1,3.6,9.3,0.392,1.8,5.1,0.346,1.9,4.2,0.448,2.3,2.6,0.881,0.4,2.8,3.2,3.5,0.7,0,1.3,2.1,11.3,14.6,0.543,0.547,0.278,1.8,13.1,7.4,24.5,1.5,0.2,10.9,22.2,2.5,1.8,4.2,0.113,0.2,0,0.2,1,2316240,"NYK",190,75
"137","Isaac Okoro","okorois01","CLE","SF",21,67,61,29.6,3.1,6.4,0.48,0.8,2.3,0.35,2.3,4.1,0.555,1.8,2.3,0.768,1.1,1.9,3,1.8,0.8,0.3,0.9,2.4,8.8,10.4,0.589,0.364,0.36,4.1,7.1,5.6,8.5,1.4,1,10.4,12.4,2.4,1.9,4.2,0.103,-2.4,0.7,-1.7,0.1,7040880,"CLE",225,77
"138","Isaiah Hartenstein","harteis01","LAC","C",23,68,0,17.9,3.4,5.4,0.626,0.2,0.4,0.467,3.2,4.9,0.64,1.3,1.9,0.689,1.7,3.2,4.9,2.4,0.7,1.1,1.2,2.5,8.3,22,0.664,0.082,0.361,10.5,18.2,14.5,20.5,2,5.4,16.5,18.4,3.3,2.2,5.5,0.215,1.4,3.1,4.5,2,7804878,"NYK",250,84
"139","Isaiah Jackson","jacksis01","IND","PF",20,36,15,15,3.2,5.7,0.563,0.1,0.4,0.313,3.1,5.3,0.584,1.7,2.4,0.682,1.7,2.5,4.1,0.3,0.7,1.4,1.1,2.6,8.3,20.5,0.607,0.078,0.427,12.2,18.7,15.4,2.9,2.3,8.4,14,22.5,0.7,0.7,1.4,0.126,-1.6,0.1,-1.5,0.1,2573760,"IND",205,82
"140","Isaiah Joe","joeis01","PHI","SG",22,55,1,11.1,1.1,3.2,0.35,0.8,2.5,0.333,0.3,0.8,0.405,0.5,0.6,0.935,0.1,0.9,1,0.6,0.3,0.1,0.3,0.9,3.6,7.7,0.519,0.763,0.175,1.1,9,5.1,8.1,1.1,0.4,9.1,15.5,0,0.4,0.4,0.035,-3.1,-1.5,-4.6,-0.4,1782621,"PHI",165,76
"141","Isaiah Livers","liveris01","DET","SF",23,19,5,20.2,2.2,4.7,0.456,1.4,3.4,0.422,0.7,1.4,0.538,0.6,0.7,0.857,0.8,2.2,3,1.1,0.7,0.4,0.8,1.9,6.4,11.1,0.629,0.711,0.156,4,12.5,8,8,1.7,1.6,13.5,12.4,0.4,0.3,0.7,0.085,-1.3,-0.2,-1.5,0,1563518,"DET",232,78
"142","Isaiah Roby","robyis01","OKC","PF",23,45,28,21.1,3.7,7.2,0.514,1,2.2,0.444,2.7,5,0.545,1.7,2.6,0.672,1.7,3.2,4.8,1.6,0.8,0.8,1,2.4,10.1,18.3,0.607,0.307,0.359,8,15.6,11.8,12.1,1.8,3.3,10.3,19,1.8,1.1,2.9,0.147,0.4,0.2,0.6,0.6,1930681,"SAS",230,80
"143","Isaiah Stewart","stewais01","DET","C",20,71,71,25.6,3.5,6.9,0.51,0.2,0.6,0.326,3.3,6.3,0.529,1,1.5,0.718,3.2,5.5,8.7,1.2,0.3,1.1,1.2,3,8.3,14,0.55,0.094,0.21,12.8,24.5,18.4,6.9,0.6,3.9,13.7,14.6,1.6,1.8,3.4,0.091,-2.5,-0.8,-3.3,-0.6,3433320,"DET",250,80
"144","Isaiah Todd","toddis01","WAS","PF",20,12,0,6.2,0.6,2.2,0.269,0.3,1.3,0.25,0.3,0.8,0.3,0.2,0.5,0.333,0.3,0.8,1,0.3,0.3,0.2,0.3,0.3,1.7,4.7,0.349,0.615,0.231,4.6,13.3,9,7.3,2.7,2.3,12.3,19.6,-0.2,0.1,-0.2,-0.104,-5.7,-1.2,-6.9,-0.1,1563518,"WAS",219,81
"145","Ish Smith","smithis01","WAS","PG",33,65,1,17.3,2.8,6.6,0.43,0.4,1,0.373,2.5,5.6,0.441,0.2,0.4,0.625,0.4,1.8,2.2,3.8,0.7,0.4,1.2,1.2,6.3,12.5,0.465,0.156,0.056,2.4,11.1,6.8,31.5,2,1.8,15,20.1,-0.3,0.9,0.5,0.023,-2.2,-0.6,-2.9,-0.2,4725000,"DEN",175,72
"146","Ish Wainright","wainris01","PHO","PF",27,45,0,8,0.9,2.3,0.394,0.4,1.3,0.322,0.5,1,0.489,0.2,0.3,0.583,0.6,0.6,1.2,0.3,0.4,0.1,0.3,1.1,2.4,9.4,0.494,0.567,0.115,8.3,7.9,8.1,5.3,2.7,1.5,10.6,14.7,0,0.6,0.6,0.079,-3,1,-2,0,125000,"TOR",250,77
"147","Ivica Zubac","zubaciv01","LAC","C",24,76,76,24.4,4.1,6.5,0.626,0,0,0,4.1,6.5,0.626,2.2,3,0.727,2.9,5.6,8.5,1.6,0.5,1,1.5,2.7,10.3,19.2,0.66,0,0.459,12.8,23.7,18.4,9.8,1,3.5,16.1,16.8,4.3,2.9,7.2,0.187,-0.1,0.8,0.7,1.3,10123457,"LAC",240,84
"148","Ja Morant","moranja01","MEM","PG",22,57,57,33.1,10.2,20.6,0.493,1.5,4.5,0.344,8.6,16.2,0.534,5.5,7.3,0.761,1.4,4.4,5.7,6.7,1.2,0.4,3.4,1.5,27.4,24.4,0.575,0.218,0.353,4.2,14.1,9,34.1,1.7,1,12.6,33.7,4.6,2.1,6.7,0.171,6.2,-0.1,6.1,3.9,12119440,"MEM",174,75
"149","Jaden McDaniels","mcdanja02","MIN","PF",21,70,31,25.8,3.6,7.9,0.46,1.1,3.6,0.317,2.5,4.3,0.579,0.8,1,0.803,1.1,3.1,4.2,1.1,0.7,0.8,1.1,3.2,9.2,10.3,0.553,0.455,0.128,4.4,13.2,8.7,6.1,1.4,2.9,11.4,15.3,0.7,1.7,2.4,0.065,-2.9,-0.1,-2.9,-0.4,2161440,"MIN",185,81
"150","Jaden Springer","sprinja01","PHI","SG",19,2,0,3,0.5,0.5,1,0,0,0,0.5,0.5,1,0,0,0,0.5,0.5,1,0,0,1,0.5,0,1,26.4,1,0,0,18.9,18.3,18.6,0,0,30,50,15,0,0,0,0.138,8.3,8.7,17.1,0,2125200,"PHI",202,76
"151","Jae'Sean Tate","tateja01","HOU","PF",26,78,77,26.4,4.7,9.3,0.498,0.8,2.6,0.312,3.8,6.8,0.569,1.7,2.4,0.707,1.7,3.7,5.4,2.8,0.9,0.5,1.8,3.7,11.8,14.3,0.567,0.277,0.252,7.2,15.3,11.2,16.9,1.7,1.8,14.6,19.6,1.9,1.1,3,0.071,-1.3,-0.5,-1.8,0.1,7065217,"HOU",230,76
"152","Jae Crowder","crowdja01","PHO","PF",31,67,67,28.1,3.2,8.1,0.399,1.9,5.4,0.348,1.3,2.7,0.503,1.1,1.3,0.789,0.4,4.8,5.3,1.9,1.4,0.4,0.8,2.6,9.4,11.3,0.541,0.671,0.165,1.8,18,10.1,8.3,2.4,1.4,8.6,14.6,0.9,3.4,4.3,0.11,-1.3,2.4,1.1,1.5,10183800,"PHO",235,78
"153","Jakob Poeltl","poeltja01","SAS","C",26,68,67,29,6,9.8,0.618,0,0,1,6,9.7,0.618,1.4,2.8,0.495,3.9,5.5,9.3,2.8,0.7,1.7,1.6,3.1,13.5,20.8,0.613,0.002,0.287,13.9,20,16.9,14,1.1,5,12.7,18.3,4.4,2.5,6.9,0.168,0.9,0.7,1.6,1.7,9398148,"SAS",245,85
"154","Jalen Brunson","brunsja01","DAL","SG",25,79,61,31.9,6.4,12.8,0.502,1.2,3.2,0.373,5.2,9.6,0.545,2.3,2.7,0.84,0.5,3.4,3.9,4.8,0.8,0,1.6,1.9,16.3,17.1,0.583,0.25,0.211,1.9,11.7,6.8,24.3,1.3,0.1,10.1,21.9,4.9,2.7,7.5,0.143,0.9,0,0.9,1.9,24186047,"NYK",190,73
"155","Jalen Green","greenja05","HOU","SG",19,67,67,31.9,6.1,14.2,0.426,2.3,6.8,0.343,3.7,7.4,0.502,2.8,3.5,0.797,0.5,2.9,3.4,2.6,0.7,0.3,2,1.5,17.3,12.5,0.547,0.48,0.247,1.7,10,5.8,13.1,1,0.8,11.3,23.7,0.5,0.2,0.7,0.015,-0.5,-2.4,-2.9,-0.5,9441720,"HOU",186,76
"156","Jalen Johnson","johnsja05","ATL","PF",20,22,0,5.5,1,1.9,0.537,0.1,0.6,0.231,0.9,1.3,0.679,0.2,0.3,0.714,0.1,1.1,1.2,0.1,0.1,0.1,0.4,0.4,2.4,11.3,0.59,0.317,0.171,1.8,21.8,11.9,3.7,1.2,1.5,17,19.3,-0.1,0.1,0,0.013,-3.9,-1.1,-4.9,-0.1,2792520,"ATL",219,80
"157","Jalen McDaniels","mcdanja01","CHO","SF",24,55,2,16.3,2.2,4.6,0.484,0.7,2,0.38,1.5,2.7,0.562,1,1.3,0.736,0.7,2.4,3.1,1.1,0.5,0.4,0.7,1.7,6.2,12.7,0.595,0.425,0.283,4.3,16,10.1,8.7,1.4,2.3,11.2,15.3,1,0.7,1.7,0.093,-1.9,-0.4,-2.3,-0.1,1930681,"CHO",205,81
"158","Jalen Smith","smithja04","TOT","PF",21,51,8,18.1,3.5,6.9,0.503,0.8,2.4,0.328,2.7,4.5,0.596,1.5,2,0.765,2,4,6,0.5,0.3,0.8,0.8,1.9,9.2,18.4,0.595,0.349,0.291,12,24.5,18.2,3.9,0.8,3.9,9.6,20.3,1.7,1.1,2.8,0.145,0.9,-1.4,-0.5,0.3,4670160,"IND",215,82
"159","Jalen Suggs","suggsja01","ORL","PG",20,48,45,27.2,4.1,11.4,0.361,0.9,4.1,0.214,3.3,7.3,0.443,2.6,3.4,0.773,0.5,3,3.6,4.4,1.2,0.4,3,3,11.8,8.6,0.455,0.358,0.297,2.1,11.7,6.9,24.9,2.2,1.3,18.7,25.3,-3,1.3,-1.6,-0.06,-5.3,-0.2,-5.6,-1.2,6922320,"ORL",205,77
"160","James Bouknight","bouknja01","CHO","SG",21,31,0,9.8,1.6,4.5,0.348,0.5,1.6,0.347,1,3,0.348,0.9,1,0.871,0.7,1,1.7,0.8,0.2,0,0.5,0.9,4.6,10.1,0.459,0.348,0.22,7.6,10.6,9.1,11.9,1.1,0.3,8.8,23.7,-0.1,0.1,0,0.001,-3.4,-3.7,-7.1,-0.4,4362240,"CHO",190,76
"161","JaMychal Green","greenja01","DEN","PF",31,67,8,16.2,2.4,4.9,0.486,0.5,1.9,0.266,1.9,3,0.621,1.2,1.4,0.871,1.2,3,4.2,0.9,0.6,0.4,0.9,2.4,6.4,14.1,0.587,0.379,0.284,8.6,19.9,14.5,7.6,1.9,2.2,13.4,17.2,1.2,1.4,2.7,0.118,-2,0.1,-1.8,0,8200000,"OKC",227,80
"162","Jared Butler","butleja02","UTA","SG",21,42,1,8.6,1.5,3.6,0.404,0.7,2.1,0.318,0.8,1.5,0.524,0.3,0.4,0.688,0.1,1,1.1,1.5,0.4,0.2,0.8,1.1,3.8,12.1,0.509,0.583,0.106,1.6,11.8,6.8,26,2.3,2,17.3,23.1,0,0.5,0.4,0.057,-2.3,0.7,-1.6,0,1563518,"UTA",193,75
"163","Jaren Jackson Jr.","jacksja02","MEM","PF",22,78,78,27.3,5.5,13.3,0.415,1.6,5.1,0.319,3.9,8.1,0.476,3.6,4.4,0.823,1.5,4.3,5.8,1.1,0.9,2.3,1.7,3.5,16.3,17,0.535,0.387,0.333,5.7,16.9,11.2,5.8,1.6,7.4,9.9,25.4,1.7,3.7,5.4,0.121,-0.9,0.8,-0.1,1,28946605,"MEM",242,83
"164","Jarred Vanderbilt","vandeja01","MIN","PF",22,74,67,25.4,2.9,4.9,0.587,0,0.2,0.143,2.8,4.7,0.605,1.2,1.8,0.656,2.9,5.5,8.4,1.3,1.3,0.6,1,2.4,6.9,15.3,0.612,0.039,0.363,12,23.9,17.8,6.7,2.5,2.4,14.8,10.9,3.1,2.9,6,0.153,-0.8,1,0.2,1.1,4320000,"UTA",214,81
"165","Jarrett Allen","allenja01","CLE","C",23,56,56,32.3,6.6,9.7,0.677,0,0.2,0.1,6.6,9.6,0.688,2.9,4.2,0.708,3.4,7.3,10.8,1.6,0.8,1.3,1.7,1.7,16.1,23,0.698,0.018,0.428,12,24.5,18.4,8.2,1.2,3.7,12.7,18.1,5.4,3,8.5,0.225,2.7,1.2,3.9,2.7,2e+07,"CLE",243,82
"166","Jarrett Culver","culveja01","MEM","SG",22,37,0,9.1,1.4,3.6,0.378,0.3,1.3,0.255,1.1,2.4,0.443,0.4,0.9,0.471,0.4,0.9,1.3,0.9,0.5,0.1,0.5,1.1,3.5,8.7,0.433,0.348,0.252,3.9,11.1,7.4,13,2.8,1.3,11.8,20.6,-0.4,0.5,0.1,0.012,-5.7,0.3,-5.4,-0.3,8109063,"MEM",195,78
"167","JaVale McGee","mcgeeja01","PHO","C",34,74,17,15.8,3.9,6.2,0.629,0,0.1,0.222,3.9,6.1,0.637,1.4,2,0.699,2.2,4.5,6.7,0.6,0.3,1.1,1.3,2.4,9.2,22.6,0.651,0.02,0.319,15.3,29.7,22.7,5.4,0.9,6.1,15.8,22.8,2.4,2.6,4.9,0.201,-0.1,0.9,0.8,0.8,5461219,"DAL",270,84
"168","Javonte Green","greenja02","CHI","SF",28,65,45,23.4,2.7,5,0.542,0.6,1.6,0.356,2.2,3.4,0.625,1.2,1.5,0.833,1.4,2.8,4.2,0.9,1,0.5,0.5,2,7.2,14,0.637,0.311,0.295,6.8,13.6,10.2,5.3,2.2,1.8,7.6,11.5,2.9,1.5,4.4,0.139,-0.6,0.7,0.1,0.8,1815677,"CHI",205,77
"169","Jaxson Hayes","hayesja02","NOP","C",21,70,28,20,3.5,5.7,0.616,0.3,0.8,0.351,3.2,4.9,0.66,2.1,2.7,0.766,1.6,2.9,4.5,0.6,0.5,0.8,0.8,2.2,9.3,18.5,0.68,0.143,0.472,8.9,16.2,12.5,4.7,1.2,3.8,10.1,16.4,3.7,1.3,5.1,0.174,0.6,-0.3,0.2,0.8,6803012,"NOP",220,83
"170","Jaylen Brown","brownja02","BOS","SF",25,66,66,33.6,8.7,18.4,0.473,2.5,7,0.358,6.2,11.4,0.544,3.7,4.8,0.758,0.8,5.3,6.1,3.5,1.1,0.3,2.7,2.5,23.6,18.9,0.574,0.381,0.261,2.6,16.7,9.8,17.9,1.6,0.7,11.6,30.5,2.3,3.4,5.8,0.124,1.9,0.1,2.1,2.2,26669643,"BOS",223,78
"171","Jaylen Nowell","nowelja01","MIN","SG",22,62,1,15.7,3.2,6.7,0.475,1,2.6,0.394,2.1,4.1,0.526,1.2,1.5,0.783,0.4,1.6,2,2.1,0.4,0.2,0.6,1.2,8.5,16.8,0.581,0.387,0.223,2.4,11.4,6.8,20.2,1.3,1,7.4,21,2.1,0.7,2.8,0.138,1.5,-0.7,0.8,0.7,1930681,"MIN",201,76
"172","Jayson Tatum","tatumja01","BOS","SF",23,76,76,35.9,9.3,20.6,0.453,3,8.6,0.353,6.3,12,0.524,5.3,6.2,0.853,1.1,6.9,8,4.4,1,0.6,2.9,2.3,26.9,21.8,0.578,0.416,0.3,3.5,20.2,12.1,21.1,1.4,1.6,10.9,32.1,5,4.6,9.6,0.169,4.3,0.6,4.9,4.8,30351834,"BOS",210,80
"173","Jeff Green","greenje02","DEN","PF",35,75,63,24.7,3.7,7.1,0.524,0.7,2.2,0.315,3,4.8,0.62,2.2,2.6,0.833,0.5,2.5,3.1,1.3,0.4,0.4,0.9,2,10.3,12.5,0.627,0.318,0.374,2.6,11.1,7,7.3,0.7,1.3,10.3,16.3,2.7,1.2,3.9,0.101,-1.2,-1.3,-2.5,-0.2,4500000,"DEN",235,80
"174","Jerami Grant","grantje01","DET","PF",27,47,47,31.9,6.3,14.9,0.426,1.9,5.4,0.358,4.4,9.5,0.465,4.6,5.5,0.838,0.6,3.5,4.1,2.4,0.9,1,1.8,2.3,19.2,16.1,0.556,0.363,0.371,1.9,12.4,6.9,12.5,1.4,2.9,9.5,25.7,1.2,1.1,2.3,0.075,1.4,-0.2,1.2,1.2,20955000,"POR",210,80
"175","Jeremiah Robinson-Earl","robinje02","OKC","C",21,49,36,22.2,2.7,6.6,0.414,1.2,3.4,0.352,1.6,3.2,0.478,0.8,1.1,0.741,1.5,4.1,5.6,1,0.6,0.3,0.8,1.5,7.5,11.7,0.526,0.509,0.167,7,19.1,13,6.7,1.3,1.3,10.1,15.4,0.4,1,1.5,0.065,-1.9,-0.4,-2.2,-0.1,2e+06,"OKC",242,80
"176","Jericho Sims","simsje01","NYK","PF",23,41,5,13.5,1,1.3,0.722,0,0,0,1,1.3,0.722,0.3,0.7,0.414,1.5,2.6,4.1,0.5,0.3,0.5,0.5,1.6,2.2,11.6,0.674,0,0.537,11.6,21.3,16.4,5.3,1,3.9,23.1,6.9,0.7,0.8,1.5,0.128,-2.8,1.1,-1.7,0,1637966,"NYK",250,81
"177","Jevon Carter","carteje01","TOT","PG",26,66,3,13.7,1.5,3.8,0.387,1,2.6,0.388,0.5,1.3,0.386,0.2,0.3,0.833,0.2,1.5,1.7,1.5,0.4,0.2,0.5,1,4.2,9.6,0.531,0.672,0.071,1.7,11.2,6.6,14,1.3,1.4,11.5,14,0.5,0.7,1.2,0.062,-1.8,-0.4,-2.2,-0.1,6025000,"BRK",200,73
"178","Jimmy Butler","butleji01","MIA","SF",32,57,57,33.9,7,14.5,0.48,0.5,2,0.233,6.5,12.5,0.52,6.9,8,0.87,1.8,4.1,5.9,5.5,1.6,0.5,2.1,1.5,21.4,23.6,0.592,0.14,0.549,6.1,13.5,9.9,26.4,2.4,1.5,10.5,26.5,6.2,2.9,9.2,0.228,4.5,1.9,6.3,4,37653300,"MIA",230,79
"179","Jock Landale","landajo01","SAS","C",26,54,1,10.9,1.9,3.8,0.495,0.5,1.6,0.326,1.3,2.1,0.626,0.6,0.8,0.829,1.2,1.4,2.6,0.8,0.2,0.3,0.6,1,4.9,16,0.597,0.436,0.201,11.1,13.5,12.3,10.6,0.8,2,12.3,18.1,1,0.4,1.5,0.121,0.7,-1.1,-0.4,0.2,1563518,"PHO",255,83
"180","Joe Harris","harrijo01","BRK","SF",30,14,14,30.2,4,8.9,0.452,2.9,6.3,0.466,1.1,2.6,0.417,0.4,0.4,0.833,0.4,3.6,4,1,0.5,0.1,1.1,2.2,11.3,9.6,0.624,0.71,0.048,1.3,12.8,7.2,4.5,0.8,0.4,11.2,14.5,0.3,0.2,0.5,0.06,-0.9,-0.5,-1.4,0.1,18642857,"BRK",220,78
"181","Joe Ingles","inglejo01","UTA","SF",34,45,15,24.9,2.6,6.3,0.404,1.7,5,0.347,0.8,1.3,0.617,0.4,0.5,0.773,0.3,2.6,2.9,3.5,0.5,0.1,1,1.8,7.2,10,0.551,0.789,0.077,1.2,11.2,6.4,19,1,0.4,13.5,13.2,1.3,0.9,2.2,0.094,-0.7,0.5,-0.3,0.5,6479000,"MIL",220,80
"182","Joel Embiid","embiijo01","PHI","C",27,68,68,33.8,9.8,19.6,0.499,1.4,3.7,0.371,8.4,15.9,0.529,9.6,11.8,0.814,2.1,9.6,11.7,4.2,1.1,1.5,3.1,2.7,30.6,31.2,0.616,0.188,0.602,7.2,31.1,19.4,23.5,1.7,3.9,11.3,37.2,7.9,4.1,12,0.252,7.2,2,9.2,6.5,33616770,"PHI",280,84
"183","John Collins","collijo01","ATL","PF",24,54,53,30.8,6.3,11.9,0.526,1.2,3.3,0.364,5.1,8.7,0.588,2.5,3.1,0.793,1.7,6.1,7.8,1.8,0.6,1,1.1,3,16.2,18.7,0.61,0.273,0.262,6.2,21.5,13.9,8.9,1,3,7.7,20.5,3.6,1.4,5.1,0.146,1.5,0,1.5,1.5,23500000,"ATL",226,81
"184","John Konchar","konchjo01","MEM","SG",25,72,7,17.9,1.9,3.6,0.515,0.7,1.8,0.413,1.2,1.9,0.61,0.4,0.7,0.551,1.2,3.4,4.6,1.5,0.6,0.3,0.4,1.3,4.8,14,0.615,0.481,0.187,6.9,20.1,13.3,10.6,1.7,1.5,9.3,9.9,2.4,1.8,4.2,0.155,0.2,1.3,1.5,1.2,2300000,"MEM",210,77
"185","Jonas Valančiūnas","valanjo01","NOP","C",29,74,74,30.3,6.9,12.7,0.544,0.8,2.1,0.361,6.1,10.5,0.581,3.2,3.9,0.82,3.1,8.3,11.4,2.6,0.6,0.8,2.4,3.3,17.8,21.2,0.617,0.168,0.308,10.9,31.2,20.8,14,0.9,2.6,14.4,23.8,4.6,2.7,7.3,0.156,2,-0.1,1.9,2.2,14700000,"NOP",265,83
"186","Jonathan Kuminga","kuminjo01","GSW","SF",19,70,12,16.9,3.4,6.6,0.513,0.7,2.1,0.336,2.7,4.4,0.598,1.9,2.7,0.684,0.8,2.6,3.3,0.9,0.4,0.3,1.1,2.1,9.3,15.2,0.6,0.324,0.413,5.1,16.1,10.8,8.4,1.3,1.8,12,22.7,1.3,1.8,3,0.123,-1.3,-0.2,-1.5,0.1,5739960,"GSW",225,79
"187","Jordan Clarkson","clarkjo01","UTA","SG",29,79,1,27.1,5.9,14.1,0.419,2.4,7.6,0.318,3.5,6.5,0.535,1.8,2.2,0.828,0.8,2.6,3.5,2.5,0.8,0.2,1.6,1.9,16,14.9,0.532,0.536,0.156,3.5,10.2,7,14.5,1.5,0.7,9.8,26.8,1.5,2,3.5,0.079,0.5,-1.2,-0.6,0.7,13340000,"UTA",194,76
"188","Jordan McLaughlin","mclaujo01","MIN","PG",25,62,3,14.5,1.4,3.2,0.44,0.4,1.4,0.318,1,1.9,0.53,0.5,0.6,0.75,0.4,1.2,1.5,2.9,0.9,0.2,0.6,0.9,3.8,13.4,0.535,0.425,0.2,2.6,8.8,5.6,26.1,3,1.1,14.9,11.8,1.3,1,2.3,0.123,-1.2,1.6,0.4,0.6,2160000,"MIN",185,71
"189","Jordan Poole","poolejo01","GSW","SG",22,76,51,30,6.2,13.9,0.448,2.8,7.6,0.364,3.5,6.3,0.55,3.2,3.5,0.925,0.4,3,3.4,4,0.8,0.3,2.5,2.7,18.5,16.1,0.598,0.548,0.251,1.7,10.5,6.2,21,1.3,1,13.7,26,3.1,2.9,6,0.126,1.3,-0.3,1,1.7,3901399,"GSW",194,76
"190","Jose Alvarado","alvarjo01","NOP","PG",23,54,1,15.4,2.4,5.4,0.446,0.6,2,0.291,1.8,3.4,0.538,0.7,1,0.679,0.5,1.4,1.9,2.8,1.3,0.1,0.7,1.4,6.1,16.4,0.52,0.374,0.18,3.2,10.2,6.6,26.9,4.2,0.8,11.2,18.4,1,1.1,2.1,0.121,-0.5,2.4,1.9,0.8,1563518,"NOP",179,72
"191","Josh Christopher","chrisjo01","HOU","SG",20,74,2,18,3,6.8,0.448,0.8,2.6,0.296,2.3,4.2,0.54,1.1,1.5,0.735,0.7,1.8,2.5,2,0.9,0.2,1.5,1.3,7.9,12.2,0.534,0.378,0.226,4.3,11.1,7.7,17.3,2.3,0.9,17.2,21.1,-0.4,0.7,0.3,0.01,-2.2,-1.3,-3.5,-0.5,2372160,"HOU",215,75
"192","Josh Giddey","giddejo01","OKC","SF",19,54,54,31.5,5.2,12.4,0.419,1,3.9,0.263,4.2,8.5,0.492,1,1.5,0.709,1.8,6,7.8,6.4,0.9,0.4,3.2,1.6,12.5,13.3,0.478,0.318,0.118,5.8,19.8,12.7,32.3,1.5,1.1,19.5,22.2,-1.3,1.7,0.4,0.01,-1.2,0.3,-0.9,0.5,6287400,"OKC",205,80
"193","Josh Green","greenjo02","DAL","SG",21,67,3,15.5,1.9,3.8,0.508,0.4,1.2,0.359,1.5,2.7,0.573,0.5,0.7,0.689,0.8,1.6,2.4,1.2,0.7,0.2,0.7,1.7,4.8,11.9,0.578,0.305,0.176,5.6,11.7,8.6,11,2.2,1.2,13.8,13.9,1,1.4,2.4,0.111,-2.4,1.4,-1,0.3,3098400,"DAL",200,77
"194","Josh Hart","hartjo01","TOT","SG",26,54,53,33.2,5.3,10.5,0.504,1.4,3.9,0.343,4,6.6,0.601,3,3.9,0.758,1.1,6,7.2,4.1,1.1,0.2,2.1,2.8,14.9,16.1,0.61,0.374,0.371,3.7,20.7,12,18.9,1.7,0.7,14.7,18.6,2.8,1.5,4.4,0.117,0.5,0.5,0.9,1.3,12960000,"POR",215,77
"195","Josh Okogie","okogijo01","MIN","SG",23,49,6,10.5,0.9,2.1,0.404,0.3,1,0.298,0.6,1.2,0.491,0.7,1,0.686,0.6,0.8,1.4,0.5,0.5,0.2,0.5,1.1,2.7,9,0.526,0.452,0.49,5.9,8.7,7.3,6.2,2.4,2.2,15.4,12.1,0.1,0.5,0.7,0.062,-3.7,0.9,-2.7,-0.1,1968175,"PHO",213,76
"196","Josh Richardson","richajo01","TOT","SG",28,65,7,24.6,3.6,8.2,0.438,1.6,3.8,0.415,2,4.4,0.458,1.5,1.7,0.889,0.6,2.2,2.8,1.8,0.9,0.4,1,1.8,10.2,12.8,0.573,0.461,0.202,2.8,9.4,6.2,10.1,1.7,1.6,10.2,17.6,1.6,2,3.5,0.106,-0.6,0.7,0.1,0.9,12196094,"SAS",200,77
"197","Joshua Primo","primojo01","SAS","SF",19,50,16,19.3,2,5.4,0.374,0.8,2.7,0.307,1.2,2.7,0.444,0.9,1.2,0.746,0.6,1.6,2.3,1.6,0.4,0.5,1.1,1.6,5.8,7.1,0.487,0.507,0.219,3.5,8.9,6.1,10.6,1,2,16.1,15.4,-0.6,0.6,0,0.001,-3.8,-1.1,-5,-0.7,4144320,"SAS",189,76
"198","Jrue Holiday","holidjr01","MIL","PG",31,67,64,32.9,7.1,14.2,0.501,2,4.8,0.411,5.2,9.4,0.547,2,2.7,0.761,1,3.5,4.5,6.8,1.6,0.4,2.7,2,18.3,19.8,0.593,0.336,0.189,3.4,10.9,7.2,31.8,2.4,1.3,15,23.5,4.5,2.4,6.9,0.15,2.9,0.3,3.2,2.9,32393333,"MIL",205,75
"199","JT Thor","thorjt01","CHO","PF",19,33,0,7.9,0.7,1.7,0.436,0.2,0.8,0.259,0.5,0.8,0.607,0.4,0.6,0.6,0.3,1,1.3,0.6,0.2,0.3,0.3,0.8,2,9.7,0.525,0.491,0.364,4.4,13.1,8.7,9.2,1.5,4,13.6,12,0.1,0.2,0.3,0.058,-3.1,0.1,-3,-0.1,1563518,"CHO",203,81
"200","Juan Toscano-Anderson","toscaju01","GSW","SF",28,73,6,13.6,1.6,3.2,0.489,0.4,1.2,0.322,1.2,2,0.588,0.5,1,0.571,0.4,2,2.4,1.7,0.7,0.2,0.9,1.6,4.1,11,0.561,0.37,0.298,3.2,15.8,9.7,17.6,2.4,1.6,20.4,14.7,0.3,1.8,2,0.098,-3.3,2.4,-0.8,0.3,1902133,"LAL",209,78
"201","Julius Randle","randlju01","NYK","PF",27,72,72,35.3,7.1,17.3,0.411,1.7,5.4,0.308,5.4,11.9,0.458,4.2,5.6,0.756,1.7,8.2,9.9,5.1,0.7,0.5,3.4,2.8,20.1,15.7,0.509,0.313,0.322,5.2,25.5,15.1,25.1,1,1.5,14.7,28.7,-0.3,3.4,3.1,0.059,0.4,0.2,0.5,1.6,23760000,"NYK",250,80
"202","Justin Holiday","holidju01","TOT","SG",32,74,65,27.8,3.5,8.9,0.394,2.4,6.5,0.367,1.1,2.4,0.467,0.7,0.8,0.806,0.4,2.2,2.6,1.7,0.8,0.4,0.9,2.1,10.1,9.5,0.543,0.728,0.094,1.5,8.8,5.1,8.6,1.3,1.4,9.2,15.8,0.8,0.6,1.4,0.033,-1.4,-0.8,-2.2,-0.1,6292440,"ATL",180,78
"203","Justise Winslow","winslju01","TOT","PF",25,48,11,16.1,2.3,5.4,0.428,0.3,1.4,0.227,2,4,0.497,0.8,1.4,0.591,1,3.2,4.2,1.8,0.7,0.5,1,1.4,5.7,13.1,0.479,0.257,0.257,7,20.9,14,16.1,2.2,2.9,14.6,18.9,-0.3,1.1,0.8,0.048,-2.7,1,-1.7,0.1,4097561,"POR",222,78
"204","Jusuf Nurkić","nurkiju01","POR","C",27,56,56,28.2,5.7,10.7,0.535,0.3,1,0.268,5.5,9.7,0.563,3.3,4.8,0.69,3,8.1,11.1,2.8,1.1,0.6,2.6,3.4,15,20,0.586,0.093,0.447,11.2,32.6,21.5,16.6,1.9,2.1,16.6,23.6,2,1.7,3.6,0.11,0.1,0.2,0.3,0.9,15625000,"POR",290,83
"205","Juwan Morgan","morgaju01","TOT","PF",24,2,0,15.5,1,1.5,0.667,0.5,1,0.5,0.5,0.5,1,0,0,0,1,1,2,0.5,0,0,0,1.5,2.5,8.3,0.833,0.667,0,6.6,7.4,7,4.2,0,0,0,4.1,0.1,0,0.1,0.124,-3.3,-3.9,-7.1,0,576230,"IND",232,79
"206","Kai Jones","joneska01","CHO","C",21,21,0,3,0.4,0.7,0.643,0,0.1,0.5,0.4,0.6,0.667,0.1,0.4,0.375,0.1,0.4,0.5,0.2,0,0.1,0.3,0.4,1,9.2,0.628,0.143,0.571,5,13.7,9.2,8.6,0.8,3,25.5,15.9,0,0,0,0.009,-5.2,-1.4,-6.6,-0.1,2909160,"CHO",221,82
"207","Karl-Anthony Towns","townska01","MIN","C",26,74,74,33.5,8.7,16.4,0.529,2,4.9,0.41,6.6,11.5,0.58,5.2,6.3,0.822,2.6,7.2,9.8,3.6,1,1.1,3.1,3.6,24.6,24.1,0.64,0.301,0.385,8.2,23.6,15.7,18,1.4,3.2,13.7,27.8,7.1,3.2,10.3,0.199,4.5,0.5,5,4.4,33833400,"MIN",248,83
"208","Keita Bates-Diop","bateske01","SAS","SF",26,59,14,16.2,2.3,4.5,0.517,0.3,0.9,0.309,2,3.5,0.572,0.8,1,0.754,1.1,2.9,3.9,0.7,0.5,0.2,0.8,1,5.7,12.4,0.578,0.209,0.232,6.8,18.7,12.7,5.7,1.4,1.2,13.4,14.8,0.6,1,1.6,0.08,-2.1,-0.5,-2.6,-0.1,1878720,"SAS",229,80
"209","Keldon Johnson","johnske04","SAS","SF",22,75,74,31.9,6.3,13.5,0.466,2.1,5.3,0.398,4.2,8.2,0.51,2.4,3.1,0.756,1.1,5,6.1,2.1,0.8,0.2,1.2,2,17,15.2,0.574,0.395,0.231,3.5,16.7,10,9.5,1.2,0.5,7.6,21.3,2.9,2,4.9,0.098,0.7,-1.2,-0.5,0.9,3873025,"SAS",220,78
"210","Kelly Olynyk","olynyke01","DET","C",30,40,1,19.1,3.2,7.2,0.448,1,3,0.336,2.2,4.2,0.527,1.7,2.2,0.775,1.4,3.1,4.4,2.8,0.8,0.5,1.5,2.5,9.1,16.7,0.561,0.416,0.311,7.3,18.3,12.5,23.3,2,2.2,15.1,21.5,0.8,0.8,1.6,0.104,0.5,1,1.6,0.7,12804878,"DET",240,83
"211","Kelly Oubre Jr.","oubreke01","CHO","SF",26,76,13,26.3,5.4,12.3,0.44,2.5,7.3,0.345,2.9,5,0.578,1.7,2.5,0.667,1,2.9,4,1.1,1,0.4,0.9,2.5,15,14.9,0.56,0.593,0.203,4.1,12,8,6.2,1.8,1.5,6.2,23,1.8,1.4,3.3,0.079,0.2,-1.6,-1.4,0.3,12600000,"CHO",203,78
"212","Kemba Walker","walkeke02","NYK","PG",31,37,37,25.6,4,10,0.403,2,5.4,0.367,2.1,4.6,0.444,1.6,1.9,0.845,0.4,2.6,3,3.5,0.7,0.2,1.3,1,11.6,13.9,0.537,0.538,0.192,1.6,11.2,6.3,22.2,1.4,0.7,10.7,20.8,1,0.9,1.8,0.093,0.7,-0.2,0.4,0.6,9165471,"OKC",184,72
"213","Kenrich Williams","willike04","OKC","SF",27,49,0,21.9,3,6.5,0.461,0.8,2.5,0.339,2.1,4,0.536,0.6,1.1,0.545,1.5,3,4.5,2.2,0.9,0.2,0.9,1.7,7.4,13.3,0.532,0.382,0.174,7.1,14.1,10.5,15.3,2,0.9,11.9,15.6,0.8,1,1.8,0.081,-1.3,1.1,-0.3,0.5,2e+06,"OKC",210,78
"214","Kentavious Caldwell-Pope","caldwke01","WAS","SG",28,77,77,30.2,4.7,10.8,0.435,2.1,5.3,0.39,2.6,5.5,0.48,1.8,2,0.89,0.5,2.9,3.4,1.9,1.1,0.3,1.3,1.8,13.2,12.6,0.568,0.492,0.186,2,10.3,6.2,9.1,1.8,0.9,9.8,19,1.4,1.4,2.8,0.058,-0.9,-0.6,-1.5,0.3,14004703,"DEN",204,77
"215","Kenyon Martin Jr.","martike04","HOU","SF",21,79,2,21,3.5,6.6,0.533,0.8,2.1,0.357,2.8,4.5,0.617,1,1.6,0.634,1,2.7,3.8,1.3,0.4,0.5,0.8,1.4,8.8,14.3,0.603,0.321,0.235,5.3,14.5,9.9,9.4,1,2.2,9.4,16.3,2.3,0.6,2.9,0.084,0,-1.2,-1.2,0.4,1782621,"HOU",215,77
"216","Keon Johnson","johnske07","TOT","SG",19,37,12,18.8,2.6,7.4,0.353,0.9,2.7,0.34,1.7,4.6,0.36,1.1,1.4,0.804,0.6,1.5,2.2,2.1,0.8,0.3,1.2,1.9,7.2,8.7,0.453,0.368,0.188,3.7,9.1,6.3,16.3,2,1.7,13.5,21.2,-0.8,0.4,-0.5,-0.031,-4,-2,-5.9,-0.7,2681040,"POR",185,76
"217","Kessler Edwards","edwarke02","BRK","SF",21,48,23,20.6,2.3,5.6,0.412,1,2.8,0.353,1.3,2.7,0.473,0.3,0.4,0.842,0.9,2.7,3.6,0.6,0.6,0.5,0.9,1.8,5.9,8.3,0.516,0.509,0.071,5,13.8,9.5,4.1,1.4,2.2,13.2,13.8,-0.2,0.9,0.6,0.031,-3.1,-0.8,-3.8,-0.5,1637966,"BRK",203,79
"218","Kevin Durant","duranke01","BRK","PF",33,55,55,37.2,10.5,20.3,0.518,2.1,5.5,0.383,8.4,14.8,0.568,6.8,7.4,0.91,0.5,6.9,7.4,6.4,0.9,0.9,3.5,2.1,29.9,25.6,0.634,0.269,0.367,1.6,19.6,10.8,29.1,1.1,2.3,12.9,31.2,6.4,2,8.4,0.198,6.4,0.7,7.2,4.8,44119845,"BRK",240,82
"219","Kevin Huerter","huertke01","ATL","SF",23,74,60,29.6,4.7,10.3,0.454,2.2,5.6,0.389,2.5,4.7,0.53,0.6,0.7,0.808,0.4,3,3.4,2.7,0.7,0.4,1.2,2.5,12.1,11.9,0.57,0.541,0.068,1.6,11,6.4,13.2,1.2,1.1,10.4,17.5,1.8,1,2.8,0.062,-0.5,-0.7,-1.2,0.4,14508929,"SAC",198,79
"220","Kevin Love","loveke01","CLE","C",33,74,4,22.5,4.4,10.3,0.43,2.5,6.4,0.392,1.9,3.8,0.493,2.2,2.7,0.838,1.2,6.1,7.2,2.2,0.4,0.2,1.3,1.4,13.6,19.6,0.594,0.627,0.26,5.9,29.2,17.8,15.3,0.8,1,10.4,25.1,3.2,2.5,5.7,0.164,4.4,0.1,4.5,2.7,28942830,"CLE",251,80
"221","Kevin Porter Jr.","porteke02","HOU","PG",21,61,61,31.3,5.5,13.2,0.415,2.5,6.8,0.375,3,6.5,0.456,2,3.2,0.642,0.7,3.7,4.4,6.2,1.1,0.4,3.1,2.6,15.6,13.5,0.531,0.511,0.239,2.5,13,7.7,30.7,1.7,1,17.7,24.1,0,0.8,0.8,0.021,-0.1,-1.6,-1.6,0.2,3217631,"HOU",203,76
"222","Kevon Looney","looneke01","GSW","C",25,82,80,21.1,2.5,4.4,0.571,0,0,0,2.5,4.4,0.573,0.9,1.5,0.6,2.5,4.7,7.3,2,0.6,0.6,0.8,2.6,6,15.7,0.586,0.003,0.343,13.5,23.8,18.8,13.2,1.4,2.9,13.8,12.2,3.5,3.2,6.8,0.187,-0.9,1.7,0.9,1.3,7870370,"GSW",222,81
"223","Khem Birch","birchkh01","TOR","C",29,55,28,18,1.8,3.6,0.485,0,0.3,0,1.8,3.4,0.522,1,1.3,0.746,2.2,2.1,4.3,1,0.5,0.5,0.5,1.9,4.5,13.2,0.534,0.07,0.355,12.7,13.5,13.1,7.6,1.5,2.6,11.1,11.2,1.5,1.1,2.6,0.126,-1.7,0.4,-1.3,0.2,6667750,"TOR",233,81
"224","Khris Middleton","middlkh01","MIL","SF",30,66,66,32.4,6.8,15.5,0.443,2.5,6.6,0.373,4.4,8.9,0.494,3.9,4.4,0.89,0.6,4.8,5.4,5.4,1.2,0.3,2.9,2.4,20.1,18.1,0.577,0.425,0.285,2.1,15.3,8.8,25.5,1.7,0.8,14.2,26.7,3.2,2.2,5.3,0.119,1.9,-0.3,1.6,1.9,37948276,"MIL",222,79
"225","Killian Hayes","hayeski01","DET","PG",20,66,40,25,2.7,7,0.383,0.7,2.5,0.263,2,4.4,0.452,0.9,1.1,0.77,0.5,2.6,3.2,4.2,1.2,0.5,1.7,2.8,6.9,9.3,0.461,0.364,0.161,2.2,12,6.9,24.6,2.3,1.9,18.4,15.7,-1,1.5,0.5,0.014,-4.3,0.8,-3.5,-0.6,5837760,"DET",195,77
"226","Killian Tillie","tilliki02","MEM","C",23,36,3,12.8,1.2,3.5,0.339,0.8,2.4,0.314,0.4,1.1,0.39,0.1,0.2,0.625,0.6,1.1,1.7,0.6,0.6,0.4,0.4,1.6,3.3,7.6,0.452,0.677,0.063,4.7,9.1,6.8,5.9,2.4,2.9,9.1,12.8,-0.1,0.6,0.6,0.058,-3.8,1.1,-2.7,-0.1,1901625,"MEM",220,81
"227","Kira Lewis Jr.","lewiski01","NOP","PG",20,24,0,14.2,2.5,6.1,0.404,0.5,2.4,0.224,1.9,3.7,0.523,0.4,0.5,0.833,0.4,1.3,1.6,2,0.5,0,1.1,0.7,5.9,9.8,0.466,0.397,0.082,2.9,10,6.3,21.7,1.6,0.3,14.7,22.3,-0.3,0.2,-0.1,-0.017,-2.8,-1.2,-4,-0.2,4004280,"NOP",170,73
"228","Klay Thompson","thompkl01","GSW","SG",31,32,32,29.4,7.7,17.9,0.429,3.6,9.3,0.385,4.1,8.7,0.477,1.4,1.6,0.902,0.5,3.4,3.9,2.8,0.5,0.5,1.3,1.7,20.4,16.7,0.547,0.517,0.089,1.8,12.4,7.3,16.1,0.8,1.7,6.7,29.6,0.6,1.2,1.8,0.091,2.6,-1.6,1.1,0.7,40600080,"GSW",220,78
"229","Kristaps Porzingis","porzikr01","WAS","PF",26,51,51,29,6.9,15,0.459,1.5,4.9,0.31,5.4,10.1,0.532,4.9,5.6,0.867,2,6.1,8.1,2.3,0.7,1.6,1.6,2.7,20.2,23.7,0.577,0.329,0.373,7.7,23.1,15.4,13.7,1.3,5,8.3,29.5,3.2,2.4,5.6,0.18,3.3,0.6,3.9,2.2,33833400,"WAS",240,87
"230","Kyle Anderson","anderky01","MEM","PF",28,69,11,21.5,3,6.8,0.446,0.5,1.6,0.33,2.5,5.2,0.481,1,1.5,0.638,1,4.3,5.3,2.7,1.1,0.7,1,1.6,7.6,14.4,0.506,0.232,0.224,4.8,21.6,13,16.2,2.5,2.7,12.1,16.2,1,2.5,3.5,0.113,-0.9,2.1,1.2,1.2,8780488,"MIN",230,81
"231","Kyle Kuzma","kuzmaky01","WAS","PF",26,66,66,33.4,6.4,14.2,0.452,1.9,5.7,0.341,4.5,8.5,0.526,2.4,3.3,0.712,1.1,7.4,8.5,3.5,0.6,0.9,2.6,1.9,17.1,15.2,0.547,0.401,0.234,3.6,24.3,14.1,16.3,0.9,2.2,14.1,24.2,0,2,2,0.044,0.2,-0.4,-0.2,1,1.3e+07,"WAS",221,81
"232","Kyle Lowry","lowryky01","MIA","PG",35,63,63,33.9,4.4,10,0.44,2.3,6.1,0.377,2.1,3.9,0.539,2.3,2.8,0.851,0.5,4,4.5,7.5,1.1,0.3,2.7,2.8,13.4,15,0.6,0.609,0.278,1.8,13,7.5,32.3,1.6,0.8,19.3,18.2,3.7,2.7,6.4,0.143,1.1,0.8,2,2.1,28333334,"MIA",196,72
"233","Kyrie Irving","irvinky01","BRK","PG",29,29,29,37.6,10,21.2,0.469,3.4,8.2,0.418,6.5,13,0.501,4.1,4.4,0.915,0.6,3.8,4.4,5.8,1.4,0.6,2.5,2.8,27.4,21.4,0.592,0.388,0.209,1.6,10.8,6.3,25.2,1.8,1.4,9.8,29.4,2.4,0.9,3.3,0.147,4.2,-1.2,3,1.4,36503300,"BRK",195,74
"234","Lamar Stevens","stevela01","CLE","PF",24,63,13,16.1,2.5,5.1,0.489,0.3,1,0.277,2.2,4,0.543,0.8,1.2,0.707,0.7,1.9,2.6,0.7,0.5,0.3,0.7,1.7,6.1,11.3,0.544,0.204,0.235,5.2,12.5,8.9,6.5,1.5,1.6,10.4,17.1,0.4,1.2,1.6,0.078,-3.2,0.3,-2.9,-0.2,1782621,"CLE",230,78
"235","LaMelo Ball","ballla01","CHO","PG",20,75,75,32.3,7.2,16.7,0.429,2.9,7.5,0.389,4.2,9.2,0.462,2.8,3.2,0.872,1.4,5.2,6.7,7.6,1.6,0.4,3.3,3.2,20.1,19.7,0.554,0.451,0.194,4.7,17.4,11,35.7,2.4,1.2,15.3,28.2,3.4,2.5,5.8,0.116,3.3,0.1,3.4,3.3,8623920,"CHO",180,79
"236","Landry Shamet","shamela01","PHO","SG",24,69,14,20.8,2.8,7,0.394,1.8,4.8,0.368,1,2.2,0.45,1,1.2,0.84,0.2,1.6,1.8,1.6,0.4,0.1,0.6,1.3,8.3,10.2,0.55,0.689,0.167,1.2,8,4.7,9.7,0.9,0.6,7.3,16.8,1.1,1.5,2.6,0.085,-0.9,-0.4,-1.2,0.3,9598214,"PHO",190,76
"237","Larry Nance Jr.","nancela02","TOT","PF",29,46,11,22.6,2.8,5.4,0.522,0.5,1.5,0.329,2.3,3.8,0.599,0.9,1.2,0.702,1.6,3.8,5.4,1.8,0.9,0.4,0.8,1.8,7,14.4,0.59,0.283,0.231,7.4,19.3,13.1,11.4,2,1.9,12,12.8,1.5,0.8,2.3,0.104,-0.4,0.3,-0.1,0.5,9672727,"NOP",245,79
"238","Lauri Markkanen","markkla01","CLE","SF",24,61,61,30.8,5.1,11.5,0.445,2.2,6.2,0.358,2.9,5.3,0.548,2.3,2.6,0.868,1,4.7,5.7,1.3,0.7,0.5,0.9,2.1,14.8,14.7,0.582,0.541,0.226,3.5,16.5,10.2,6.6,1.2,1.4,6.5,19.5,2.7,2.3,5,0.127,0.4,-0.1,0.4,1.1,16475454,"CLE",240,83
"239","Leandro Bolmaro","bolmale01","MIN","SF",21,35,2,6.9,0.5,1.5,0.315,0.1,0.5,0.278,0.3,1,0.333,0.3,0.4,0.846,0.5,0.8,1.2,0.6,0.2,0,0.4,0.7,1.4,5.4,0.419,0.333,0.241,6.9,12.3,9.6,11,1.2,0,17.9,12.6,-0.1,0.2,0,0.004,-5.1,-0.7,-5.8,-0.2,2471160,"UTA",200,78
"240","LeBron James","jamesle01","LAL","PF",37,56,56,37.2,11.4,21.8,0.524,2.9,8,0.359,8.6,13.8,0.62,4.5,6,0.756,1.1,7.1,8.2,6.2,1.3,1.1,3.5,2.2,30.3,26.2,0.619,0.367,0.275,3.3,20.4,11.8,30.6,1.7,2.5,12.5,32.3,5.2,2.3,7.5,0.172,6.9,0.8,7.7,5.1,44474988,"LAL",250,81
"241","Lindell Wigginton","wiggili01","MIL","PG",23,19,0,10.5,1.4,3.2,0.426,0.5,1.4,0.346,0.9,1.8,0.486,1,1.8,0.543,0.2,1.2,1.3,1.2,0.3,0.1,0.6,0.9,4.2,10.2,0.524,0.426,0.574,1.6,11.5,6.7,15.7,1.2,0.5,13.6,19,0,0.1,0.2,0.044,-3.2,-1.9,-5,-0.2,1637966,"MIL",189,73
"242","Lonnie Walker IV","walkelo01","SAS","SG",23,70,6,23,4.4,10.9,0.407,1.6,5,0.314,2.9,5.9,0.487,1.7,2.1,0.784,0.3,2.3,2.6,2.2,0.6,0.3,1,1.4,12.1,12.3,0.512,0.462,0.194,1.2,10.7,5.9,13.4,1.3,1,7.9,23.6,0.1,1.1,1.2,0.037,-1.2,-1.3,-2.5,-0.2,6479000,"LAL",204,76
"243","Lonzo Ball","balllo01","CHI","PG",24,35,35,34.6,4.6,10.9,0.423,3.1,7.4,0.423,1.5,3.5,0.423,0.6,0.8,0.75,1,4.4,5.4,5.1,1.8,0.9,2.3,2.4,13,14.5,0.575,0.679,0.073,3.3,14.3,8.8,20,2.6,2.2,17.2,17.4,0.8,1.4,2.2,0.088,0.9,1.6,2.5,1.4,19534884,"CHI",190,78
"244","Luguentz Dort","dortlu01","OKC","SG",22,51,51,32.6,5.7,14.2,0.404,2.5,7.7,0.332,3.2,6.6,0.487,3.2,3.7,0.843,0.7,3.4,4.2,1.7,0.9,0.4,1.7,2.9,17.2,12.3,0.541,0.539,0.263,2.3,10.9,6.5,8.6,1.3,1,9.8,23.3,0.2,1.1,1.4,0.04,-1.5,-0.7,-2.3,-0.1,15277778,"OKC",215,75
"245","Luka Dončić","doncilu01","DAL","PG",22,65,65,35.4,9.9,21.6,0.457,3.1,8.8,0.353,6.8,12.8,0.528,5.6,7.5,0.744,0.9,8.3,9.1,8.7,1.2,0.6,4.5,2.2,28.4,25.1,0.571,0.406,0.349,2.7,26,14.3,46,1.6,1.4,15.3,37.4,3.8,3.8,7.6,0.159,6.4,1.8,8.2,5.9,35700000,"DAL",230,79
"246","Luke Kennard","kennalu01","LAC","SG",25,70,13,27.4,4.1,9.1,0.449,2.7,6,0.449,1.4,3.1,0.449,1,1.1,0.896,0.3,3,3.3,2.1,0.6,0.1,0.9,1.4,11.9,13.3,0.619,0.662,0.121,1.1,11.2,6.3,11.2,1.1,0.3,8.2,16.8,2.8,1.7,4.5,0.113,0.8,-0.3,0.5,1.2,13745455,"LAC",206,77
"247","Luke Kornet","kornelu01","TOT","C",26,15,0,6.9,0.9,1.8,0.481,0,0.3,0,0.9,1.5,0.591,0.3,0.4,0.667,0.9,1.1,1.9,0.6,0.2,0.2,0,0.6,2,16.6,0.506,0.185,0.222,14,16.4,15.2,12.4,1.4,2.6,0,12.7,0.2,0.2,0.4,0.194,-0.9,0.4,-0.5,0,2133278,"BOS",250,86
"248","Malachi Flynn","flynnma01","TOR","PG",23,44,5,12.2,1.6,4.2,0.393,0.7,2,0.333,1,2.1,0.452,0.3,0.5,0.625,0.2,1.2,1.4,1.6,0.5,0.1,0.3,1,4.3,11.7,0.488,0.492,0.131,1.9,11.3,6.4,18.5,1.9,0.7,6.3,16.5,0.5,0.5,1,0.092,-1.8,0.4,-1.5,0.1,2145720,"TOR",175,73
"249","Malcolm Brogdon","brogdma01","IND","PG",29,36,36,33.5,6.8,15.1,0.448,1.6,5.2,0.312,5.1,9.9,0.518,4,4.6,0.856,0.9,4.2,5.1,5.9,0.8,0.4,2.1,2,19.1,18,0.557,0.343,0.308,3,14.3,8.6,26.9,1.2,1,11.1,24.6,2.2,0.4,2.7,0.106,2.8,-0.5,2.3,1.3,22600000,"BOS",229,77
"250","Malik Beasley","beaslma01","MIN","SG",25,79,18,25,4.2,10.8,0.391,3,8.1,0.377,1.2,2.7,0.432,0.6,0.8,0.817,0.3,2.5,2.9,1.5,0.5,0.2,0.5,1.1,12.1,11.9,0.544,0.749,0.071,1.4,11.2,6.2,8.5,1,0.6,4.7,19.4,1.7,1.2,2.9,0.069,0.7,-1.5,-0.7,0.7,15458035,"UTA",187,76
"251","Malik Fitts","fittsma01","UTA","PF",24,15,0,4.2,0.5,1.3,0.421,0.3,0.7,0.5,0.2,0.6,0.333,0,0,0,0.1,1,1.1,0.3,0,0,0.1,0.3,1.4,10.7,0.553,0.526,0,3.5,25.2,14.7,12.7,0,0,9.5,14.6,0.1,0.1,0.1,0.097,-0.6,-0.5,-1.1,0,555217,"IND",230,77
"252","Malik Monk","monkma01","LAL","SG",23,76,37,28.1,5.1,10.9,0.473,2.3,5.8,0.391,2.9,5.1,0.568,1.2,1.5,0.795,0.5,2.9,3.4,2.9,0.8,0.4,1.6,1.8,13.8,14.4,0.597,0.535,0.142,1.9,11,6.4,15.2,1.4,1.2,12.2,20.1,2.3,1.4,3.6,0.081,0.5,-1,-0.5,0.8,9472219,"SAC",200,75
"253","Marcus Morris","morrima03","LAC","PF",32,54,54,29,5.6,12.8,0.434,1.9,5.1,0.367,3.7,7.7,0.478,2.4,2.7,0.872,0.5,3.9,4.4,2.1,0.5,0.3,1.3,2.1,15.4,13.7,0.549,0.398,0.214,1.8,14,8.1,11.3,0.9,1,8.4,23.2,0.9,1.5,2.4,0.074,-0.3,-1,-1.4,0.3,16372093,"LAC",218,80
"254","Marcus Smart","smartma01","BOS","PG",27,71,71,32.3,4.2,10.1,0.418,1.7,5.1,0.331,2.5,5,0.506,2,2.5,0.793,0.6,3.2,3.8,5.9,1.7,0.3,2.2,2.3,12.1,13.6,0.54,0.501,0.249,2,10.5,6.4,25.6,2.6,0.7,16.6,18.3,1.9,3.7,5.6,0.116,-1.2,1.7,0.5,1.5,16607142,"BOS",220,76
"255","Markelle Fultz","fultzma01","ORL","PG",23,18,3,20,4.6,9.7,0.474,0.2,0.9,0.235,4.4,8.8,0.5,1.4,1.7,0.806,0.2,2.5,2.7,5.5,1.1,0.3,2.2,1.2,10.8,17.7,0.517,0.097,0.177,1.2,13.2,7.2,48.9,2.7,1.3,17.5,27.5,0,0.4,0.4,0.053,-0.1,0.4,0.2,0.2,16500000,"ORL",209,76
"256","Marko Simonovic","simonma01","CHI","C",22,9,0,3.9,0.4,1.7,0.267,0.1,0.6,0.2,0.3,1.1,0.3,0.9,1.2,0.727,0.6,0.6,1.1,0,0.1,0.1,0.2,0.7,1.9,10.2,0.428,0.333,0.733,16.2,16,16.1,0,1.4,2.5,9.2,27.5,0,0,0,-0.011,-6.1,-5,-11.1,-0.1,1563518,"CHI",220,83
"257","Marquese Chriss","chrisma01","DAL","PF",24,34,0,10.2,1.8,3.9,0.463,0.2,0.7,0.32,1.6,3.2,0.495,0.6,1,0.667,1,2.1,3,0.5,0.4,0.4,0.5,1.9,4.5,14.8,0.518,0.187,0.246,10.6,22.5,16.5,7.7,1.9,3.1,10.3,21.5,0.2,0.6,0.8,0.108,-3.8,0,-3.8,-0.2,2193920,"HOU",240,81
"258","Marvin Bagley III","baglema01","TOT","PF",22,48,25,23.9,4.7,9.3,0.504,0.5,2,0.237,4.2,7.3,0.579,1.4,2.1,0.663,2.2,4.9,7,0.8,0.5,0.4,0.8,1.9,11.3,15.7,0.551,0.217,0.226,9.7,22.6,16,5.2,0.9,1.4,7.4,19.8,1.2,0.9,2,0.085,-0.5,-1.8,-2.3,-0.1,12500000,"DET",235,83
"259","Mason Plumlee","plumlma01","CHO","C",31,73,73,24.6,2.8,4.4,0.641,0,0,0,2.8,4.4,0.645,0.9,2.3,0.392,2.4,5.3,7.7,3.1,0.8,0.7,1.4,3.1,6.5,14.7,0.603,0.006,0.534,10.2,23.3,16.7,16.4,1.6,2.7,20.2,11.7,2.7,2,4.7,0.127,-1.5,1.5,0,0.9,8525000,"CHO",254,83
"260","Matisse Thybulle","thybuma01","PHI","SG",24,66,50,25.5,2.3,4.5,0.5,0.7,2.2,0.313,1.6,2.4,0.673,0.5,0.7,0.791,0.6,1.7,2.3,1.1,1.7,1.1,0.6,2.4,5.7,11.2,0.594,0.48,0.143,2.8,7.1,5,6.1,3.4,3.8,10.9,9.5,1.2,2.5,3.7,0.107,-2.2,3.3,1.1,1.3,4379527,"PHI",201,77
"261","Maurice Harkless","harklma01","SAC","SF",28,47,24,18.4,1.8,3.9,0.459,0.7,2.1,0.307,1.1,1.7,0.65,0.4,0.6,0.714,0.3,2.1,2.4,0.5,0.6,0.5,0.7,1.6,4.6,7.7,0.561,0.558,0.155,1.5,12.7,7.1,3.6,1.6,2.4,13.8,11.2,-0.1,0.6,0.5,0.026,-3.7,0.4,-3.3,-0.3,4564980,"ATL",220,79
"262","Max Strus","strusma01","MIA","SF",25,68,16,23.3,3.7,8.3,0.441,2.7,6.5,0.41,1,1.8,0.557,0.6,0.8,0.792,0.4,2.6,3,1.4,0.4,0.2,0.8,1.7,10.6,12.7,0.614,0.784,0.094,1.7,12.5,7.2,8.8,0.9,1.1,8.8,18.1,2,1.7,3.6,0.11,1.4,-0.4,0.9,1.2,1815677,"MIA",215,77
"263","Maxi Kleber","klebima01","DAL","PF",30,59,21,24.6,2.4,6,0.398,1.4,4.3,0.325,1,1.7,0.586,0.8,1.1,0.708,1.2,4.7,5.9,1.2,0.5,1,0.8,2.3,7,11,0.537,0.72,0.184,5.4,21.5,13.4,6.5,1,3.6,10.9,13.3,0.7,2.3,3,0.098,-1.6,1.2,-0.4,0.6,9e+06,"DAL",240,82
"264","Michael Porter Jr.","portemi01","DEN","SF",23,9,9,29.4,4.1,11.4,0.359,1.1,5.3,0.208,3,6.1,0.491,0.6,1,0.556,1,5.6,6.6,1.9,1.1,0.2,1.3,1.8,9.9,7.5,0.416,0.466,0.087,3.9,20.4,12.4,8.9,1.9,0.7,10.1,19.7,-0.5,0.3,-0.2,-0.032,-3.9,0.5,-3.5,-0.1,29750000,"DEN",218,82
"265","Mikal Bridges","bridgmi01","PHO","SF",25,82,82,34.8,5.6,10.5,0.534,1.4,3.8,0.369,4.2,6.7,0.628,1.6,1.9,0.834,0.9,3.3,4.2,2.3,1.2,0.4,0.8,1.8,14.2,14.4,0.627,0.364,0.183,2.9,10,6.5,8.7,1.6,1.1,6.8,15,5.2,3.7,8.9,0.15,0.5,1.1,1.6,2.6,20089286,"PHO",209,78
"266","Mike Conley","conlemi01","UTA","PG",34,72,72,28.6,4.8,11,0.435,2.3,5.8,0.408,2.4,5.2,0.464,1.8,2.3,0.796,0.7,2.4,3,5.3,1.3,0.3,1.7,2,13.7,17.2,0.572,0.523,0.205,2.6,8.8,5.8,27.7,2.3,0.9,12.5,20.9,4.4,2.3,6.7,0.157,2.4,0.7,3.1,2.7,22680000,"UTA",175,73
"267","Mike Muscala","muscami01","OKC","C",30,43,0,13.8,2.6,5.8,0.456,1.6,3.8,0.429,1,2,0.506,1.1,1.3,0.842,0.5,2.5,3,0.5,0.4,0.6,0.3,1.3,8,19.7,0.63,0.657,0.23,3.6,19.1,11.2,6.2,1.5,4.1,4.9,20.9,1.4,0.7,2.1,0.17,3.8,1.2,5,1.1,3500000,"OKC",240,82
"268","Miles McBride","mcbrimi01","NYK","PG",21,40,2,9.3,0.8,2.7,0.296,0.4,1.7,0.25,0.4,1,0.375,0.2,0.3,0.667,0.1,1,1.1,1,0.4,0,0.1,1.1,2.2,6.1,0.393,0.63,0.111,1.1,11.2,6.1,15.9,1.9,0.3,4.2,13.9,-0.1,0.4,0.2,0.032,-5.5,1,-4.5,-0.2,1563518,"NYK",195,73
"269","Mitchell Robinson","robinmi01","NYK","C",23,72,62,25.7,3.6,4.8,0.761,0,0,0,3.6,4.8,0.761,1.2,2.5,0.486,4.1,4.5,8.6,0.5,0.8,1.8,0.8,2.7,8.5,20.7,0.722,0,0.528,16.8,19.1,17.9,3.2,1.6,7.1,12.4,11.4,5.3,3.2,8.5,0.221,1,1.2,2.2,2,13392857,"NYK",240,84
"270","Mo Bamba","bambamo01","ORL","C",23,71,69,25.7,4.2,8.7,0.48,1.5,4,0.381,2.7,4.7,0.563,0.8,1,0.781,2.1,6,8.1,1.2,0.5,1.7,1.1,2.6,10.6,16.5,0.582,0.455,0.118,8.5,24.6,16.5,7.4,1,5.9,10.6,17.2,1.8,2.7,4.5,0.118,-0.2,0.9,0.7,1.2,10300000,"ORL",231,84
"271","Monte Morris","morrimo01","DEN","PG",26,75,74,29.9,5,10.3,0.484,1.7,4.2,0.395,3.3,6.1,0.545,1,1.1,0.869,0.4,2.7,3,4.4,0.7,0.2,1,1.2,12.6,14.7,0.583,0.406,0.109,1.4,9.6,5.6,21.4,1.2,0.6,8.8,17.4,3.9,1.5,5.4,0.116,0.8,-0.8,0,1.1,9125000,"WAS",183,74
"272","Moritz Wagner","wagnemo01","ORL","C",24,63,3,15.2,3.1,6.3,0.497,1,3.2,0.328,2.1,3.1,0.672,1.7,2,0.806,0.7,3,3.7,1.4,0.3,0.2,0.9,2,9,18.1,0.623,0.508,0.326,4.6,21,12.8,15.4,1,1.2,11,22.9,1.8,1,2.8,0.138,1.5,0.1,1.6,0.9,1878720,"ORL",245,83
"273","Moses Brown","brownmo01","TOT","C",22,40,6,8.6,1.6,2.7,0.593,0,0,0,1.6,2.7,0.593,1.1,1.8,0.597,1,2.4,3.4,0,0.2,0.4,0.5,1.3,4.3,18.5,0.612,0,0.667,12.7,30.5,21.7,0.4,1,4.2,12.5,20.7,0.5,0.7,1.2,0.16,-2.4,-0.9,-3.3,-0.1,1902133,"LAC",245,86
"274","Moses Moody","moodymo01","GSW","SG",19,52,11,11.7,1.5,3.5,0.437,0.8,2.1,0.364,0.8,1.4,0.548,0.5,0.7,0.778,0.3,1.2,1.5,0.4,0.1,0.2,0.3,0.8,4.4,10.5,0.573,0.601,0.197,3.2,11,7.2,5.3,0.6,1.6,6.1,15.2,0.6,0.7,1.3,0.101,-1.4,-1.1,-2.5,-0.1,3740160,"GSW",211,77
"275","Myles Turner","turnemy01","IND","C",25,42,42,29.4,4.8,9.4,0.509,1.5,4.4,0.333,3.3,5,0.662,1.9,2.5,0.752,1.5,5.5,7.1,1,0.7,2.8,1.3,2.8,12.9,17.4,0.615,0.466,0.267,5.8,21.3,13.4,5.1,1.1,8.3,10.9,17.1,1.7,1.4,3.1,0.12,0.1,1.4,1.4,1.1,17500000,"IND",250,83
"276","Naji Marshall","marshna01","NOP","SF",24,55,4,13.4,2,4.9,0.405,0.4,1.9,0.2,1.6,3,0.537,1.3,1.7,0.796,0.7,1.9,2.6,1.1,0.6,0.1,0.8,1.3,5.7,12.3,0.505,0.39,0.346,5.6,16,10.7,12.3,2.2,1,12.9,20.8,0,0.7,0.8,0.05,-2.7,-0.5,-3.2,-0.2,1782621,"NOP",220,79
"277","Nassir Little","littlna01","POR","SF",21,42,23,25.9,3.5,7.5,0.46,1.2,3.7,0.331,2.2,3.8,0.584,1.6,2.2,0.734,1.4,4.2,5.6,1.3,0.6,0.9,1,2,9.8,13.5,0.575,0.489,0.298,5.7,18.7,11.9,7.4,1.1,3.3,10.1,15.8,1.2,0.6,1.7,0.076,-0.9,-0.6,-1.4,0.2,4171548,"POR",220,77
"278","Naz Reid","reidna01","MIN","C",22,77,6,15.8,3,6.2,0.489,0.7,2.2,0.343,2.3,4,0.568,1.5,1.9,0.765,1.3,2.6,3.9,0.9,0.5,0.9,1.1,2.2,8.3,17.2,0.588,0.349,0.313,8.8,18,13.3,8.7,1.6,5.6,13.2,21.4,1.5,1.6,3.2,0.125,-0.5,0.5,0,0.6,1930681,"MIN",264,81
"279","Nerlens Noel","noelne01","NYK","C",27,25,11,22.5,1.3,2.4,0.533,0,0.1,0,1.3,2.3,0.561,0.8,1.2,0.7,1.9,3.7,5.6,0.9,1.2,1.2,0.8,2.7,3.4,11.8,0.581,0.05,0.5,9,18.1,13.5,5.7,2.7,5.4,21.5,7.3,0.4,1,1.5,0.128,-3.1,3.3,0.3,0.3,9240000,"DET",220,83
"280","Nic Claxton","claxtni01","BRK","C",22,47,19,20.7,3.8,5.6,0.674,0,0,0,3.8,5.6,0.674,1.1,2,0.581,1.9,3.7,5.6,0.9,0.5,1.1,0.8,2.3,8.7,18.6,0.672,0,0.352,10.4,18.9,14.8,6.4,1.2,4.7,11.1,15.1,2.3,1.2,3.5,0.171,0.3,0.2,0.5,0.6,8500000,"BRK",215,83
"281","Nick Richards","richani01","CHO","C",24,50,5,7.3,1.2,1.8,0.667,0,0,0,1.2,1.8,0.667,0.6,0.9,0.698,0.7,1,1.7,0.3,0.2,0.4,0.5,1,3,15.9,0.689,0,0.478,9.7,15.2,12.4,4.9,1.2,5.4,18.1,15.4,0.6,0.3,1,0.125,-2.6,-0.2,-2.8,-0.1,1782621,"CHO",245,84
"282","Nickeil Alexander-Walker","alexani01","UTA","SG",23,65,21,22.6,3.9,10.5,0.372,1.6,5.2,0.311,2.3,5.3,0.433,1.2,1.7,0.743,0.6,2.3,2.9,2.4,0.7,0.4,1.4,1.6,10.6,10.5,0.475,0.497,0.16,2.7,11.5,7.1,16.1,1.5,1.5,11.3,24.1,-1.1,1.1,0.1,0.003,-1.8,-1.1,-2.9,-0.3,5009633,"UTA",205,77
"283","Nicolas Batum","batumni01","LAC","PF",33,59,54,24.8,3,6.6,0.463,1.8,4.6,0.4,1.2,2,0.607,0.4,0.6,0.658,0.5,3.8,4.3,1.7,1,0.7,0.7,1.4,8.3,13.5,0.608,0.698,0.098,2.2,15.8,9.2,9.7,1.9,2.4,9,13.3,1.6,2.1,3.7,0.123,0.5,1.8,2.3,1.6,19700319,"LAC",230,80
"284","Nik Stauskas","stausni01","TOT","SG",28,8,0,4.9,0.6,1.8,0.357,0.5,1.3,0.4,0.1,0.5,0.25,0.5,0.8,0.667,0.1,0.3,0.4,0.3,0,0,0.1,0.1,2.3,10.5,0.541,0.714,0.429,3,5.7,4.4,7.3,0,0,5.7,20,0,0,0.1,0.078,-0.9,-2.7,-3.6,0,702311,"IND",207,78
"285","Nikola Jokić","jokicni01","DEN","C",26,74,74,33.5,10.3,17.7,0.583,1.3,3.9,0.337,9,13.8,0.652,5.1,6.3,0.81,2.8,11,13.8,7.9,1.5,0.9,3.8,2.6,27.1,32.8,0.661,0.22,0.357,9.6,35.5,23,42.6,2.2,2.3,15.6,31.9,10.8,4.5,15.2,0.296,9.2,4.5,13.7,9.8,32478837,"DEN",284,83
"286","Nikola Vučević","vucevni01","CHI","C",31,73,73,33.1,7.5,15.8,0.473,1.4,4.5,0.314,6.1,11.3,0.537,1.3,1.7,0.76,1.9,9.1,11,3.2,1,1,1.9,2.5,17.6,18.2,0.533,0.287,0.105,6.6,30.7,18.7,15.2,1.4,2.5,10.1,24.5,1.4,3.2,4.5,0.09,0.8,0.1,0.9,1.8,2.2e+07,"CHI",260,82
"287","Norman Powell","powelno01","TOT","SG",28,45,41,32.4,6.2,13.4,0.461,2.4,5.6,0.419,3.8,7.8,0.491,4.2,5.2,0.811,0.4,2.8,3.2,2.1,0.9,0.5,1.5,2.4,19,16.3,0.603,0.418,0.385,1.5,9.7,5.4,10.8,1.4,1.4,8.9,23.1,2.4,0.4,2.8,0.093,1.2,-1.5,-0.3,0.6,16758621,"LAC",215,75
"288","Obi Toppin","toppiob01","NYK","PF",23,72,10,17.1,3.5,6.6,0.531,0.7,2.3,0.308,2.8,4.2,0.655,1.3,1.7,0.758,1,2.8,3.7,1.1,0.3,0.5,0.8,1.4,9,18.3,0.614,0.357,0.262,5.9,17.7,11.7,10.9,1,2.6,9.6,20.8,2.5,1.5,3.9,0.153,1.7,0.3,2,1.2,5348280,"NYK",220,81
"289","OG Anunoby","anunoog01","TOR","SF",24,48,48,36,6.4,14.5,0.443,2.4,6.6,0.363,4,7.9,0.511,1.9,2.5,0.754,1.5,4,5.5,2.6,1.5,0.5,1.7,2.7,17.1,14.8,0.549,0.455,0.169,4.4,12.6,8.3,11,2.1,1.4,9.7,20.5,1.8,1.9,3.7,0.104,0.4,0.1,0.5,1.1,17357143,"TOR",232,79
"290","Omer Yurtseven","yurtsom01","MIA","C",23,56,12,12.6,2.3,4.4,0.526,0,0.2,0.091,2.3,4.2,0.547,0.7,1.1,0.623,1.5,3.7,5.3,0.9,0.3,0.4,0.7,1.5,5.3,17.4,0.546,0.045,0.247,13.9,33,23.6,11,1.2,3,13,19.9,0.8,1.4,2.1,0.145,-1.4,0.4,-1,0.2,1752638,"MIA",275,83
"291","Onyeka Okongwu","okongon01","ATL","C",21,48,6,20.7,3.3,4.7,0.69,0,0,0,3.3,4.7,0.69,1.7,2.3,0.727,2.4,3.5,5.9,1.1,0.6,1.3,0.9,3.1,8.2,19.8,0.714,0,0.487,12.8,18.4,15.6,7.6,1.5,5.4,13.8,14,3.1,1.1,4.2,0.202,0,0.8,0.8,0.7,6395160,"ATL",240,80
"292","Oshae Brissett","brissos01","IND","SF",23,67,25,23.3,3.1,7.6,0.411,1.2,3.5,0.35,1.9,4,0.465,1.7,2.4,0.695,1.6,3.7,5.3,1.1,0.7,0.4,0.8,1.7,9.1,12.9,0.53,0.468,0.324,7.6,18.1,12.8,6.4,1.4,1.6,8.5,17.3,1.4,0.9,2.2,0.069,-0.5,-1.7,-2.2,-0.1,1846738,"IND",210,79
"293","Otto Porter Jr.","porteot01","GSW","PF",28,63,15,22.2,3.1,6.6,0.464,1.3,3.4,0.37,1.8,3.2,0.565,0.8,1,0.803,1.4,4.4,5.7,1.5,1.1,0.5,0.6,1.3,8.2,15.9,0.581,0.519,0.147,6.9,21,14.2,9.6,2.4,2,7.7,15,2.2,2.7,4.9,0.168,1,2.1,3.1,1.8,6e+06,"TOR",198,80
"294","P.J. Tucker","tuckepj01","MIA","PF",36,71,70,27.9,2.9,6,0.484,1.1,2.7,0.415,1.8,3.3,0.54,0.6,0.9,0.738,1.4,4,5.5,2.1,0.8,0.2,0.9,2.3,7.6,11.3,0.593,0.451,0.143,5.8,16.2,11.1,10.6,1.5,0.8,12.7,11.7,2.4,2.6,5,0.121,-0.8,1.4,0.6,1.3,10490000,"PHI",245,77
"295","P.J. Washington","washipj01","CHO","C",23,65,28,27.2,3.8,8.2,0.47,1.7,4.6,0.365,2.2,3.6,0.606,0.9,1.2,0.716,1.3,3.9,5.2,2.3,0.9,0.9,1.3,2.3,10.3,13.6,0.588,0.566,0.152,4.8,15.5,10.1,11.2,1.5,3.3,12.6,15.6,1.8,1.6,3.4,0.091,-0.2,0.2,-0.1,0.9,5808435,"CHO",230,79
"296","Pascal Siakam","siakapa01","TOR","PF",27,68,68,37.9,8.8,17.8,0.494,1.1,3.2,0.344,7.7,14.5,0.527,4.2,5.6,0.749,1.9,6.6,8.5,5.3,1.3,0.6,2.7,3.3,22.8,20.3,0.565,0.181,0.314,5.1,20.1,12.2,23,1.6,1.6,11.6,25.8,4.9,3.2,8.1,0.151,2.7,0.8,3.5,3.6,35448672,"TOR",230,80
"297","Pat Connaughton","connapa01","MIL","SF",29,65,19,26,3.5,7.6,0.458,2.2,5.7,0.395,1.2,1.9,0.643,0.7,0.8,0.833,0.7,3.5,4.2,1.3,0.9,0.2,0.5,1.3,9.9,13.4,0.62,0.746,0.109,2.9,14,8.6,6.6,1.7,0.9,6.3,14,2.8,1.6,4.4,0.125,0.8,0.3,1.2,1.4,5728395,"MIL",209,77
"298","Patrick Beverley","beverpa01","MIN","PG",33,58,54,25.4,3.1,7.5,0.406,1.4,4.2,0.343,1.6,3.3,0.485,1.7,2.3,0.722,1.1,3.1,4.1,4.6,1.2,0.9,1.3,3,9.2,14.8,0.539,0.555,0.305,4.4,13.2,8.7,24.5,2.2,3.4,12.9,16.1,2.3,1.7,4.1,0.132,0.6,2.1,2.7,1.7,1.3e+07,"UTA",180,73
"299","Patrick Williams","willipa01","CHI","PF",20,17,9,24.8,3.2,6,0.529,0.9,1.7,0.517,2.3,4.3,0.534,1.8,2.4,0.732,1,3.1,4.1,0.9,0.5,0.5,0.9,1.6,9,12.7,0.637,0.284,0.402,4.6,13.8,9.2,4.8,1,1.8,11.8,14.2,0.6,0.3,0.9,0.099,-0.9,-0.7,-1.5,0,7775400,"CHI",215,79
"300","Patty Mills","millspa02","BRK","SG",33,81,48,29,4,9.8,0.408,2.8,7,0.4,1.2,2.8,0.429,0.6,0.7,0.814,0.2,1.7,1.9,2.3,0.6,0.2,0.9,1.4,11.4,10.4,0.563,0.715,0.074,0.9,6.2,3.6,10.6,1.1,0.6,8.2,16.4,1.9,0.9,2.8,0.058,-0.3,-1.4,-1.7,0.2,7073171,"BRK",180,72
"301","Paul George","georgpa01","LAC","PF",31,31,31,34.7,8.6,20.5,0.421,2.9,8.3,0.354,5.7,12.2,0.467,4.1,4.8,0.858,0.4,6.5,6.9,5.7,2.2,0.4,4.1,2.4,24.3,18.6,0.538,0.404,0.233,1.2,19.2,10.5,28.1,3,1,15.2,33.7,-0.6,1.9,1.3,0.057,1.8,1.9,3.7,1.6,42492568,"LAC",220,80
"302","Paul Reed","reedpa01","PHI","C",22,38,2,7.9,1.4,2.5,0.563,0.1,0.2,0.25,1.4,2.3,0.591,0.2,0.4,0.429,1.2,1.3,2.4,0.4,0.9,0.4,0.3,1.5,3.1,21.4,0.568,0.083,0.146,16.6,17.4,17,8.3,5.5,4.2,8.9,16.7,0.6,0.7,1.3,0.212,-0.8,2.9,2.1,0.3,1782621,"PHI",210,81
"303","Payton Pritchard","pritcpa01","BOS","PG",24,71,2,14.1,2.3,5.3,0.429,1.4,3.5,0.412,0.8,1.8,0.461,0.3,0.3,1,0.5,1.4,1.9,2,0.4,0.1,0.6,0.9,6.2,15,0.578,0.657,0.056,3.5,10.8,7.2,20.4,1.2,0.5,9.7,18.6,1.8,1.2,3.1,0.148,1.7,0.1,1.8,1,2239200,"BOS",195,73
"304","Precious Achiuwa","achiupr01","TOR","C",22,73,28,23.6,3.6,8.3,0.439,0.8,2.1,0.359,2.9,6.1,0.468,1.1,1.8,0.595,2,4.5,6.5,1.1,0.5,0.6,1.2,2.1,9.1,12.7,0.503,0.259,0.217,8.7,21.7,14.9,6.9,1.1,2.3,11.3,18.5,0.4,2.1,2.5,0.07,-2,-0.6,-2.6,-0.2,2840160,"TOR",225,80
"305","Quentin Grimes","grimequ01","NYK","SG",21,46,6,17.1,2.1,5.1,0.404,1.6,4.1,0.381,0.5,1,0.5,0.3,0.4,0.684,0.5,1.5,2,1,0.7,0.2,0.6,1.6,6,10.7,0.565,0.804,0.081,3.2,9.8,6.4,8.5,2,1.4,10.3,15.1,0.6,0.9,1.4,0.087,-1.2,0.9,-0.3,0.3,2277000,"NYK",210,76
"306","R.J. Hampton","hamptrj01","ORL","SG",20,64,14,21.9,2.7,7.1,0.383,1,2.9,0.35,1.7,4.3,0.405,1.2,1.8,0.641,0.4,2.7,3,2.5,0.7,0.2,1.4,1.6,7.6,8.5,0.481,0.4,0.256,1.7,12.9,7.3,16.9,1.4,0.8,14.6,18.4,-1.3,1.1,-0.2,-0.005,-4,-0.1,-4.1,-0.7,2412840,"ORL",175,76
"307","Raul Neto","netora01","WAS","PG",29,70,19,19.6,2.9,6.3,0.463,0.5,1.7,0.292,2.4,4.6,0.526,1.2,1.5,0.769,0.2,1.7,1.9,3.1,0.8,0,1.1,1.5,7.5,12.4,0.538,0.272,0.245,1.1,9.6,5.4,22.9,2,0.2,13.9,18.4,0.7,0.8,1.5,0.053,-2.5,-0.5,-2.9,-0.4,2463490,"CLE",180,74
"308","Rayjon Tucker","tuckera01","TOT","SG",24,5,0,14.2,1.2,1.8,0.667,0.8,1,0.8,0.4,0.8,0.5,1,1.4,0.714,0.6,1,1.6,2,0.8,0,0.2,1,4.2,17.7,0.869,0.556,0.778,4.7,7.5,6.1,18.1,2.7,0,7.6,7.9,0.3,0.1,0.4,0.243,2.3,1.2,3.5,0.1,1902133,"MIL",209,75
"309","Reggie Bullock","bullore01","DAL","SF",30,68,37,28,3,7.4,0.401,2.1,5.8,0.36,0.9,1.6,0.55,0.6,0.7,0.833,0.5,3.1,3.5,1.2,0.6,0.2,0.6,1.6,8.6,9.2,0.558,0.782,0.096,1.9,12.2,7,6.1,1.1,0.7,7.1,13.3,1.2,2,3.2,0.08,-1.5,0,-1.4,0.3,10012800,"DAL",205,78
"310","Reggie Jackson","jacksre01","LAC","SG",31,75,75,31.2,6.4,16.3,0.392,2.2,6.8,0.326,4.2,9.5,0.439,1.8,2.2,0.847,0.5,3.1,3.6,4.8,0.7,0.2,2.3,2.1,16.8,12.1,0.488,0.419,0.133,1.8,10.2,6.1,24.6,1.2,0.5,11.8,27.6,-1.7,2,0.4,0.008,-1.4,-1.6,-3,-0.6,11215260,"LAC",208,74
"311","Richaun Holmes","holmeri01","SAC","C",28,45,37,23.9,4.4,6.7,0.66,0,0.1,0.4,4.4,6.6,0.664,1.6,2,0.778,2.1,5,7,1.1,0.4,0.9,1.2,2.8,10.4,17.8,0.689,0.017,0.3,9.3,22.9,16.1,6.8,0.8,3.3,14.2,15.8,2.4,0.9,3.2,0.145,-0.4,-0.1,-0.5,0.4,11215260,"SAC",235,82
"312","Ricky Rubio","rubiori01","CLE","PG",31,34,8,28.5,4.4,12.1,0.363,1.7,5.1,0.339,2.6,7,0.38,2.6,3,0.854,0.4,3.7,4.1,6.6,1.4,0.2,2.6,2.2,13.1,14,0.488,0.423,0.251,1.7,14.1,8,34.6,2.5,0.6,16.5,24.9,-0.1,1.4,1.3,0.064,-1,1.2,0.2,0.5,5853659,"CLE",190,74
"313","RJ Barrett","barrerj01","NYK","SF",21,70,70,34.5,7,17.1,0.408,2,5.8,0.342,5,11.3,0.442,4.1,5.8,0.714,0.9,4.9,5.8,3,0.6,0.2,2.2,2,20,13.7,0.511,0.338,0.34,2.9,15.5,9.1,14.9,0.9,0.7,9.9,27.6,0.1,2.2,2.3,0.046,-0.3,-1.3,-1.6,0.2,10900635,"NYK",214,78
"314","Robert Covington","covinro01","TOT","PF",31,71,42,27.3,2.9,7,0.42,1.8,4.8,0.378,1.1,2.2,0.509,0.8,1,0.841,0.8,4.7,5.5,1.3,1.5,1.3,1.1,2.7,8.5,12.4,0.572,0.681,0.139,3.3,18.9,11,6.8,2.6,4.4,12.4,13.5,0.8,2.4,3.2,0.08,-1.6,1.7,0.2,1.1,1.2e+07,"LAC",209,79
"315","Robert Williams","williro04","BOS","C",24,61,61,29.6,4.4,6,0.736,0,0,0,4.4,6,0.738,1.1,1.5,0.722,3.9,5.7,9.6,2,0.9,2.2,1,2.2,10,22.1,0.745,0.003,0.245,14.6,20.5,17.6,9.7,1.5,6.8,13.4,11.5,6,3.9,9.9,0.262,2.4,3.1,5.5,3.4,10700000,"BOS",237,80
"316","Robin Lopez","lopezro01","ORL","C",33,36,9,17,3.1,5.5,0.553,0.1,0.2,0.333,3,5.4,0.56,0.9,1.5,0.593,1.9,1.6,3.5,1.5,0.1,0.5,1.2,1.9,7.1,13.7,0.57,0.03,0.271,11.7,10,10.9,14.4,0.2,2.7,16.5,18.9,0.5,0.3,0.8,0.064,-2.4,-1.4,-3.8,-0.3,2905851,"CLE",281,84
"317","Romeo Langford","langfro01","TOT","SG",22,48,5,16.1,1.7,4,0.435,0.6,1.8,0.341,1.1,2.2,0.509,0.5,0.9,0.548,0.6,1.6,2.3,0.4,0.5,0.3,0.3,1,4.5,9.2,0.52,0.445,0.22,4.3,10.7,7.6,3.7,1.4,1.9,7.1,12.9,0.3,1,1.3,0.082,-2.3,1,-1.4,0.1,5634257,"SAS",216,77
"318","Royce O'Neale","onealro01","UTA","SF",28,77,77,31.2,2.6,5.8,0.457,1.5,4,0.389,1.1,1.8,0.609,0.6,0.7,0.804,0.8,3.9,4.8,2.5,1.1,0.4,1,2.4,7.4,10.3,0.608,0.689,0.126,3,13.4,8.4,10.5,1.8,1.2,14.4,9.9,2.7,2.8,5.5,0.109,-0.8,1.7,0.8,1.7,9200000,"BRK",226,77
"319","Rudy Gay","gayru01","UTA","PF",35,55,1,18.9,2.9,6.9,0.414,1.3,3.7,0.345,1.6,3.2,0.494,1.1,1.4,0.785,1,3.4,4.4,1,0.5,0.3,0.9,1.7,8.1,13,0.539,0.536,0.208,6,19.1,12.8,7.8,1.2,1.6,10.2,19.3,0.8,1.3,2.1,0.097,-0.7,-0.3,-1,0.3,6184500,"UTA",250,80
"320","Rudy Gobert","goberru01","UTA","C",29,66,66,32.1,5.5,7.7,0.713,0,0.1,0,5.5,7.6,0.718,4.6,6.7,0.69,3.7,11,14.7,1.1,0.7,2.1,1.8,2.7,15.6,24.7,0.732,0.008,0.864,12.9,36.3,25,5.1,1,5.7,14.5,16.9,7.3,4.3,11.7,0.264,2.9,1.7,4.6,3.6,38172414,"MIN",258,85
"321","Rui Hachimura","hachiru01","WAS","PF",23,42,13,22.5,4.5,9.1,0.491,1.3,2.9,0.447,3.1,6.1,0.512,1.1,1.6,0.697,0.6,3.2,3.8,1.1,0.5,0.2,0.8,1.3,11.3,14.9,0.579,0.323,0.173,3,15.6,9.4,7.9,1.2,0.8,7.4,20.9,0.9,0.6,1.4,0.073,0.2,-1.7,-1.4,0.1,6263188,"WAS",230,80
"322","Russell Westbrook","westbru01","LAL","PG",33,78,78,34.3,7,15.8,0.444,1,3.4,0.298,6,12.4,0.485,3.4,5.1,0.667,1.4,6,7.4,7.1,1,0.3,3.8,3,18.5,15,0.512,0.215,0.324,4.4,18.8,11.6,31.6,1.3,0.7,17.3,27.3,-0.6,2.3,1.7,0.03,-0.7,-0.9,-1.6,0.2,47063478,"LAL",200,75
"323","Saben Lee","leesa01","DET","PG",22,37,0,16.3,1.9,4.8,0.39,0.4,1.6,0.233,1.5,3.2,0.47,1.5,1.9,0.789,0.5,1.9,2.4,2.9,1,0.3,1,1.2,5.6,13.8,0.499,0.339,0.401,3.1,13,7.8,26.2,2.9,1.8,14.7,17.3,0.3,0.7,0.9,0.073,-1.9,1.5,-0.4,0.2,1752638,"DET",183,74
"324","Saddiq Bey","beysa01","DET","SF",22,82,82,33,5.5,13.9,0.396,2.6,7.4,0.346,2.9,6.4,0.454,2.6,3.1,0.827,1.3,4.1,5.4,2.8,0.9,0.2,1.2,1.6,16.1,14,0.529,0.537,0.224,4.1,14.1,8.8,13.8,1.3,0.5,7.1,21.3,2.4,1.6,4,0.071,0.9,-1.2,-0.3,1.2,2959080,"DET",215,79
"325","Sam Hauser","hausesa01","BOS","SF",24,26,0,6.1,0.9,1.9,0.46,0.7,1.7,0.432,0.2,0.2,0.667,0,0,0,0.2,0.9,1.1,0.4,0,0.1,0.1,0.3,2.5,14.8,0.65,0.88,0,3.5,16,9.9,9.1,0.3,1.2,3.8,14.5,0.4,0.2,0.6,0.171,2.7,-0.3,2.3,0.2,1637966,"BOS",217,79
"326","Santi Aldama","aldamsa01","MEM","PF",21,32,0,11.3,1.7,4.1,0.402,0.2,1.5,0.125,1.5,2.6,0.56,0.6,1,0.625,1,1.7,2.7,0.7,0.2,0.3,0.5,1.1,4.1,10.2,0.452,0.364,0.242,9.4,16.1,12.6,7.7,0.8,2.5,9.9,18.4,-0.1,0.4,0.3,0.044,-4.2,-1.5,-5.7,-0.3,2094240,"MEM",215,83
"327","Scottie Barnes","barnesc01","TOR","PF",20,74,74,35.4,6.2,12.6,0.492,0.8,2.6,0.301,5.4,10,0.543,2.1,2.9,0.735,2.6,4.9,7.5,3.5,1.1,0.7,1.8,2.6,15.3,16.3,0.552,0.207,0.231,7.7,15.8,11.5,14.7,1.5,2.1,11.7,19,3.7,2.9,6.6,0.122,0.5,0.4,0.9,1.9,7644600,"TOR",225,79
"328","Seth Curry","curryse01","TOT","SG",31,64,64,33.4,5.6,11.5,0.487,2.5,5.8,0.422,3.2,5.7,0.553,1.3,1.5,0.872,0.3,2.8,3.1,3.6,0.8,0.2,1.7,2.3,15,13.7,0.615,0.506,0.127,1.1,9.1,5.2,16.3,1.2,0.6,12.3,18.5,2.7,1.5,4.2,0.095,0.3,-0.9,-0.6,0.8,8496653,"BRK",185,74
"329","Shai Gilgeous-Alexander","gilgesh01","OKC","PG",23,56,56,34.7,8.5,18.8,0.453,1.6,5.3,0.3,6.9,13.5,0.514,5.9,7.2,0.81,0.7,4.3,5,5.9,1.3,0.8,2.8,2.5,24.5,20.9,0.557,0.282,0.385,1.9,13,7.4,31.1,1.8,2.2,11.1,30.8,2.8,1.8,4.6,0.113,2.9,0.5,3.4,2.7,29750000,"OKC",180,78
"330","Shake Milton","miltosh01","PHI","SG",25,55,6,21.4,3.1,7.3,0.429,0.8,2.4,0.323,2.4,4.9,0.481,1.1,1.3,0.836,0.5,2,2.6,2.5,0.5,0.3,0.8,1.8,8.2,11.9,0.517,0.33,0.181,2.9,10.4,6.7,17.6,1.2,1.3,9.2,18.3,0.7,1,1.7,0.069,-1.6,-0.6,-2.2,-0.1,1997718,"PHI",205,77
"331","Spencer Dinwiddie","dinwisp01","WAS","PG",28,67,51,29.6,4.6,11,0.416,1.7,4.9,0.339,2.9,6,0.479,2.9,3.8,0.774,0.7,3.5,4.2,5.2,0.7,0.2,1.6,2.2,13.7,15.1,0.543,0.449,0.343,2.6,13,7.8,25.7,1.1,0.6,10.9,21.4,2.7,1.4,4.1,0.098,0.8,-0.4,0.3,1.2,1.8e+07,"DAL",215,78
"332","Stanley Johnson","johnsst04","LAL","PF",25,48,27,22.8,2.4,5.2,0.466,0.7,2.2,0.314,1.8,3,0.575,1.1,1.5,0.716,0.7,2.5,3.2,1.7,0.9,0.3,0.7,2.3,6.7,10.5,0.564,0.418,0.295,3.4,11.9,7.6,9.8,1.9,1.1,11,12.5,0.9,0.9,1.8,0.079,-2.8,0.1,-2.7,-0.2,2351521,"LAL",242,78
"333","Stephen Curry","curryst01","GSW","PG",33,64,64,34.5,8.4,19.1,0.437,4.5,11.7,0.38,3.9,7.4,0.527,4.3,4.7,0.923,0.5,4.7,5.2,6.3,1.3,0.4,3.2,2,25.5,21.4,0.601,0.613,0.243,1.7,14.4,8.3,30.4,1.9,1,13.2,30.8,4.6,3.4,8,0.173,5.4,0.4,5.8,4.4,48070014,"GSW",185,74
"334","Sterling Brown","brownst02","DAL","SG",26,49,3,12.8,1.2,3.2,0.381,0.6,1.9,0.304,0.6,1.3,0.492,0.3,0.3,0.933,0.5,2.5,3,0.7,0.3,0.1,0.5,1.1,3.3,8.4,0.495,0.594,0.097,4.6,21.8,13.2,7.5,1.1,1,12.5,13.2,-0.1,0.9,0.8,0.061,-3.4,0.5,-2.9,-0.1,3e+06,"HOU",219,77
"335","Steven Adams","adamsst01","MEM","C",28,76,75,26.3,2.8,5.1,0.547,0,0,0,2.8,5,0.548,1.4,2.6,0.543,4.6,5.4,10,3.4,0.9,0.8,1.5,2,6.9,17.6,0.56,0.003,0.518,17.9,22,19.9,16.1,1.6,2.7,19.6,12,3.8,3,6.8,0.163,1,1,2,2,17926829,"MEM",265,83
"336","Svi Mykhailiuk","mykhasv01","TOR","SF",24,56,5,12.8,1.6,4.2,0.389,0.7,2.4,0.306,0.9,1.8,0.5,0.6,0.7,0.865,0.4,1.3,1.6,0.8,0.5,0.1,0.6,1,4.6,9.6,0.509,0.573,0.158,2.9,11.5,7,8.8,1.8,0.5,11.3,16.9,0.1,0.7,0.8,0.052,-2.7,-0.2,-2.9,-0.2,1878720,"TOR",205,79
"337","T.J. McConnell","mccontj01","IND","PG",29,27,8,24.1,3.7,7.7,0.481,0.4,1.2,0.303,3.3,6.5,0.514,0.7,0.9,0.826,0.7,2.6,3.3,4.9,1.1,0.4,1.1,2,8.5,15.1,0.525,0.159,0.111,3.4,12.2,7.7,28.7,2.2,1.3,11.7,16.2,1,0.4,1.3,0.098,-0.4,1.4,0.9,0.5,8100000,"IND",190,73
"338","Talen Horton-Tucker","hortota01","LAL","SG",21,60,19,25.2,3.7,9,0.416,0.8,3,0.269,2.9,5.9,0.492,1.7,2.1,0.8,0.6,2.6,3.2,2.7,1,0.5,1.4,2.5,10,11,0.503,0.338,0.232,2.6,11.1,6.9,14.9,1.9,1.7,12.1,19.2,-0.2,1.2,1.1,0.033,-3.2,-0.2,-3.3,-0.5,10260000,"LAL",234,76
"339","Taurean Prince","princta02","MIN","PF",27,69,8,17.1,2.6,5.7,0.454,1.2,3.3,0.376,1.3,2.3,0.565,0.9,1.2,0.756,0.4,2.1,2.5,1,0.7,0.3,0.8,1.7,7.3,12.4,0.589,0.587,0.21,2.3,13.8,7.9,8.1,1.9,1.9,11.1,17,1,1.2,2.2,0.09,-1,0,-0.9,0.3,7692308,"MIN",218,78
"340","Terance Mann","mannte01","LAC","SF",25,81,33,28.6,4.1,8.5,0.484,0.9,2.6,0.365,3.2,6,0.535,1.6,2,0.78,1.3,4,5.2,2.6,0.7,0.3,1,2.2,10.8,13.4,0.572,0.301,0.238,4.9,14.3,9.7,13.1,1.2,0.8,9.9,16,3.1,2.4,5.5,0.113,-0.8,0.2,-0.6,0.8,1930681,"LAC",215,77
"341","Terence Davis","daviste02","SAC","SG",24,30,11,17.9,3.8,8.9,0.423,1.6,5,0.329,2.1,3.9,0.542,1.2,1.5,0.818,0.4,2.8,3.1,1.3,0.8,0.4,1.1,2.3,10.4,14.6,0.543,0.558,0.165,2.2,17,9.5,11.9,2.2,1.8,10.3,25.6,0,0.5,0.5,0.044,-0.6,-0.4,-0.9,0.2,4e+06,"SAC",201,76
"342","Terrence Ross","rosste01","ORL","SG",30,63,0,23,3.5,8.8,0.397,1.2,4.2,0.292,2.3,4.6,0.493,1.8,2.1,0.862,0.3,2.2,2.6,1.8,0.4,0.2,1.2,1.1,10,10,0.515,0.477,0.235,1.5,10.3,5.9,12.5,0.9,0.8,10.9,20.5,-0.5,0.9,0.3,0.011,-2.5,-1.1,-3.7,-0.6,11500000,"ORL",206,78
"343","Terry Rozier","roziete01","CHO","SG",27,73,73,33.7,7.1,16,0.444,3,8.1,0.374,4.1,7.9,0.516,2.1,2.4,0.852,0.8,3.5,4.3,4.5,1.3,0.3,1.3,1.6,19.3,17.6,0.566,0.508,0.151,2.4,11.3,6.8,19.7,1.8,1,7.2,23.2,4.3,1.6,5.9,0.115,2.4,-0.7,1.7,2.3,21486316,"CHO",190,73
"344","Terry Taylor","taylote01","IND","SG",22,33,7,21.6,4.1,6.7,0.614,0.4,1.2,0.316,3.7,5.5,0.676,1.1,1.5,0.706,2.9,2.3,5.2,1.2,0.4,0.2,0.7,1.8,9.6,19,0.656,0.173,0.232,14.6,12.2,13.4,8.6,1,1,8.7,15.9,2.2,0.2,2.4,0.16,2.2,-2.7,-0.6,0.3,1563518,"IND",230,77
"345","Thanasis Antetokounmpo","antetth01","MIL","SF",29,48,6,9.9,1.5,2.7,0.547,0,0.3,0.143,1.4,2.4,0.596,0.6,1,0.63,0.8,1.3,2.1,0.5,0.3,0.3,0.5,1.4,3.6,12.5,0.577,0.109,0.359,9.2,13.4,11.3,6.5,1.6,2.4,14.9,15.7,0.4,0.5,0.9,0.095,-3.5,-0.1,-3.5,-0.2,1878720,"MIL",219,78
"346","Théo Maledon","maledth01","OKC","PG",20,51,7,17.8,2.3,6.2,0.375,0.9,2.9,0.293,1.5,3.3,0.449,1.5,2,0.79,0.4,2.2,2.6,2.2,0.6,0.2,1.3,1.3,7.1,10.6,0.5,0.473,0.315,2.2,12.8,7.4,18.5,1.7,1.1,15.3,20.3,-0.5,0.8,0.3,0.015,-3.7,-0.7,-4.4,-0.6,1900000,"OKC",175,76
"347","Theo Pinson","pinsoth01","DAL","SF",26,19,0,7.8,0.7,2.1,0.359,0.5,1.6,0.333,0.2,0.5,0.444,0.5,0.5,1,0.1,1,1.1,0.9,0.3,0.1,0.3,0.6,2.5,11.9,0.553,0.769,0.256,1.5,14.3,7.9,15.9,1.7,1.2,10.3,14.7,0.2,0.2,0.4,0.122,-1.5,1,-0.5,0.1,1968175,"DAL",212,77
"348","Thomas Bryant","bryanth01","WAS","C",24,27,9,16.3,2.9,5.5,0.52,0.4,1.6,0.286,2.4,3.9,0.613,1.3,1.5,0.875,1,3,4,0.9,0.2,0.8,0.7,1.6,7.4,16.6,0.607,0.284,0.27,6.7,20.4,13.6,7.9,0.7,4.1,10.3,18.7,0.7,0.4,1.1,0.118,-0.4,-0.7,-1,0.1,2133278,"LAL",248,82
"349","Tim Hardaway Jr.","hardati02","DAL","SG",29,42,20,29.6,5,12.6,0.394,2.4,7.2,0.336,2.5,5.4,0.473,1.9,2.5,0.757,0.3,3.4,3.7,2.2,0.9,0.1,0.8,1.8,14.2,12.7,0.52,0.574,0.194,1.2,12.8,7,11.4,1.5,0.4,5.6,22,0.5,1.5,2,0.077,-0.4,0.2,-0.2,0.6,19602273,"DAL",205,77
"350","Tobias Harris","harrito02","PHI","PF",29,73,73,34.8,6.8,14,0.482,1.4,3.8,0.367,5.4,10.2,0.525,2.3,2.8,0.842,1.1,5.7,6.8,3.5,0.6,0.6,1.6,2.2,17.2,15.9,0.566,0.269,0.198,3.4,18.1,10.9,15.9,0.9,1.5,9.5,21.7,3,2.6,5.6,0.105,0.6,-0.6,0,1.3,37633050,"PHI",226,79
"351","Tony Bradley","bradlto01","CHI","C",24,55,7,10,1.3,2.2,0.585,0,0,0,1.3,2.2,0.585,0.3,0.5,0.655,1.2,2.2,3.4,0.5,0.2,0.6,0.6,1.1,3,14.9,0.6,0,0.236,13.8,24.3,19.1,6.7,0.9,5.2,20,13.6,0.6,0.7,1.3,0.112,-2,0.2,-1.8,0,2036318,"CHI",248,82
"352","Torrey Craig","craigto01","TOT","SF",31,78,16,20.5,2.6,5.7,0.454,1,3,0.329,1.6,2.7,0.594,0.5,0.7,0.75,1.1,2.9,4,1.2,0.6,0.5,0.9,1.9,6.6,11,0.556,0.531,0.118,5.9,15.4,10.7,7.6,1.4,2,12.6,14.3,0.9,1.4,2.3,0.07,-1.7,-0.1,-1.8,0.1,5121951,"PHO",221,79
"353","Trae Young","youngtr01","ATL","PG",23,76,76,34.9,9.4,20.3,0.46,3.1,8,0.382,6.3,12.3,0.512,6.6,7.3,0.904,0.7,3.1,3.7,9.7,0.9,0.1,4,1.7,28.4,25.4,0.603,0.395,0.358,2.1,9.6,5.9,46.7,1.3,0.2,14.5,34.4,9,1,10,0.181,7.1,-2,5.2,4.8,29750000,"ATL",164,73
"354","Tre Jones","jonestr01","SAS","PG",22,69,11,16.6,2.4,4.9,0.49,0.1,0.7,0.196,2.3,4.2,0.542,1,1.3,0.78,0.4,1.8,2.2,3.4,0.6,0.1,0.7,1.1,6,15,0.545,0.15,0.268,2.6,11.6,7.1,27,1.8,0.5,10.8,15.6,1.9,0.9,2.9,0.121,-0.9,0.4,-0.5,0.4,1782621,"SAS",185,73
"355","Tre Mann","manntr01","OKC","PG",20,60,26,22.8,3.9,9.8,0.393,1.6,4.5,0.36,2.2,5.3,0.421,1.1,1.4,0.793,0.4,2.4,2.9,1.5,0.8,0.2,1.2,1.7,10.4,10.2,0.501,0.463,0.139,1.9,11.2,6.4,10.7,1.7,0.8,10.2,22,-1,1,0.1,0.002,-3.3,-1.1,-4.4,-0.8,3046200,"OKC",178,75
"356","Trendon Watford","watfotr01","POR","SF",21,48,10,18.1,3,5.6,0.532,0.2,0.8,0.237,2.8,4.8,0.581,1.5,2,0.755,1.2,3,4.1,1.7,0.5,0.6,0.9,2.4,7.6,15.8,0.59,0.142,0.352,7,18.6,12.6,14.6,1.4,3.2,12.5,17.6,1.4,0.5,1.9,0.104,-1.4,-0.4,-1.7,0.1,1563518,"POR",237,80
"357","Trevelin Queen","queentr01","HOU","SG",24,10,0,7.4,1.5,3.3,0.455,0.9,2.4,0.375,0.6,0.9,0.667,0.4,0.4,1,0.7,0.9,1.6,0.4,0.5,0.1,0.7,0.6,4.3,18.2,0.619,0.727,0.121,10.3,13.4,11.9,8.8,3.2,1.2,16.8,23.9,0.1,0.1,0.1,0.08,2.7,-0.8,1.9,0.1,1637966,"PHI",190,78
"358","Trey Burke","burketr01","DAL","PG",29,42,0,10.5,2,5.1,0.391,0.6,2,0.317,1.4,3.2,0.436,0.5,0.5,0.87,0.1,0.7,0.8,1.4,0.3,0,0.6,0.9,5.1,10,0.475,0.381,0.107,1,7.3,4.2,20.7,1.4,0,10.4,25.6,-0.4,0.4,0,0.003,-3.6,-1.4,-5,-0.3,3300000,"HOU",185,72
"359","Trey Lyles","lylestr01","TOT","PF",26,75,23,20.5,3.5,7.5,0.466,0.9,2.8,0.321,2.6,4.7,0.552,2.6,3.2,0.802,1.2,3.9,5.1,1.2,0.4,0.4,1,1.6,10.5,16.4,0.588,0.372,0.432,6,21.2,13.4,9,0.9,1.9,9.8,20.7,2.4,1.2,3.5,0.111,0.5,-0.8,-0.3,0.7,2625000,"SAC",234,81
"360","Trey Murphy III","murphtr02","NOP","SF",21,62,1,13.9,1.8,4.5,0.394,1.1,3,0.382,0.6,1.5,0.418,0.7,0.8,0.882,0.8,1.6,2.4,0.6,0.4,0.1,0.3,1,5.4,12.5,0.558,0.671,0.184,5.9,13.1,9.4,6.2,1.3,0.8,5.1,15.7,1.3,0.6,1.9,0.104,0.2,-1.4,-1.2,0.2,3206640,"NOP",206,80
"361","Troy Brown Jr.","browntr01","CHI","SF",22,66,7,16,1.6,3.9,0.419,0.7,2,0.353,0.9,1.9,0.488,0.3,0.4,0.769,0.6,2.5,3.1,1,0.5,0.1,0.4,0.9,4.3,10.1,0.525,0.516,0.101,4.2,17.4,10.8,8.2,1.7,0.4,8.8,12.3,0.5,0.9,1.4,0.065,-1.7,-0.2,-1.8,0.1,1968175,"LAL",215,78
"362","Ty Jerome","jeromty01","OKC","SG",24,48,4,16.7,2.6,6.8,0.378,1.1,3.9,0.29,1.5,3,0.493,0.8,1,0.809,0.4,1.2,1.6,2.3,0.6,0.1,0.8,1.5,7.1,11.3,0.488,0.567,0.143,2.4,7.7,5,21.3,1.8,0.6,9.6,20.8,0,0.5,0.5,0.032,-2.2,-0.2,-2.3,-0.1,4220057,"OKC",195,77
"363","Tyler Herro","herroty01","MIA","SG",22,66,10,32.6,7.6,17,0.447,2.7,6.7,0.399,4.9,10.3,0.477,2.9,3.3,0.868,0.5,4.5,5,4,0.7,0.1,2.6,1.4,20.7,16.2,0.561,0.391,0.195,1.7,15.4,8.7,20.9,1,0.4,12.5,28.8,1.3,2.4,3.8,0.084,1.6,-0.9,0.7,1.5,5722116,"MIA",195,77
"364","Tyrell Terry","terryty01","MEM","PG",21,2,0,1.5,0.5,0.5,1,0,0,0,0.5,0.5,1,0,0,0,0,0,0,0,0,0,0,0.5,1,20,1,0,0,0,0,0,0,0,0,0,13.7,0,0,0,0.222,-3.4,2.5,-1,0,1782621,"DAL",160,74
"365","Tyrese Haliburton","halibty01","TOT","PG",21,77,77,35,5.6,11.8,0.473,2.1,5.1,0.414,3.5,6.8,0.517,2.1,2.5,0.842,0.8,3.2,4,8.2,1.7,0.6,2.6,1.6,15.3,18.2,0.595,0.428,0.209,2.5,10.3,6.3,34.1,2.4,1.6,16.7,19,5.2,1.8,7,0.125,2.7,-0.1,2.6,3.1,4215120,"IND",185,77
"366","Tyrese Maxey","maxeyty01","PHI","PG",21,75,74,35.3,6.4,13.3,0.485,1.8,4.1,0.427,4.7,9.1,0.512,2.8,3.3,0.866,0.3,2.9,3.2,4.3,0.7,0.4,1.2,2.1,17.5,16.2,0.594,0.311,0.247,1.1,8.9,5.1,19.1,1,1.1,7.4,20.2,5.4,1.9,7.3,0.132,1.3,-0.7,0.6,1.8,2726880,"PHI",200,74
"367","Tyus Jones","jonesty01","MEM","PG",25,73,23,21.2,3.4,7.6,0.451,1.1,2.8,0.39,2.3,4.8,0.487,0.7,0.9,0.818,0.2,2.2,2.4,4.4,0.9,0,0.6,0.4,8.7,16.5,0.544,0.371,0.12,1.1,11,5.9,28.2,2,0.1,7.3,16.6,3.4,1.6,5.1,0.158,1.2,0.5,1.7,1.4,1.5e+07,"MEM",196,72
"368","Udoka Azubuike","azubuud01","UTA","C",22,17,6,11.5,2.2,2.9,0.755,0,0,0,2.2,2.9,0.755,0.4,0.6,0.545,1.1,3.1,4.2,0,0.1,0.6,0.7,1.5,4.7,17.6,0.743,0,0.224,10.5,28.8,19.9,0,0.3,5,18.2,14.7,0.3,0.3,0.6,0.157,-1.8,0.4,-1.4,0,2174880,"UTA",270,84
"369","Usman Garuba","garubus01","HOU","PF",19,24,2,10,0.8,1.8,0.432,0.2,0.8,0.25,0.6,1,0.583,0.2,0.3,0.714,0.9,2.6,3.5,0.7,0.4,0.5,0.3,1.2,2,12.9,0.51,0.455,0.159,9.6,28.7,19.1,9.6,2,4.1,11.3,9.4,0.2,0.3,0.5,0.105,-1.8,0.9,-0.9,0.1,2471160,"HOU",229,80
"370","Vernon Carey Jr.","careyve01","WAS","C",20,7,1,6.3,1,1.9,0.538,0,0,0,1,1.9,0.538,0.9,1.9,0.462,1.1,0.6,1.7,0,0.3,0.1,0.4,0.6,2.9,15.8,0.534,0,1,19.9,9.8,14.8,0,2.2,1.9,13.8,21.6,0,0,0.1,0.068,-3,-4.5,-7.5,-0.1,1782621,"WAS",270,81
"371","Victor Oladipo","oladivi01","MIA","SG",29,8,1,21.6,4.4,9.1,0.479,1.9,4.5,0.417,2.5,4.6,0.541,1.8,2.4,0.737,0.4,2.5,2.9,3.5,0.6,0.1,2,1.6,12.4,16.8,0.608,0.493,0.26,2,12.9,7.5,26.3,1.4,0.6,16.4,25.1,0.2,0.2,0.4,0.124,1.8,-0.5,1.3,0.1,8563846,"MIA",213,76
"372","Vit Krejci","krejcvi01","OKC","SG",21,30,8,23,2.3,5.6,0.407,1.1,3.3,0.327,1.2,2.3,0.522,0.6,0.7,0.864,0.6,2.8,3.4,1.9,0.6,0.3,1,2.2,6.2,8.5,0.529,0.587,0.132,2.6,12.6,7.5,11.9,1.3,1.1,14.1,12.9,0.1,0.5,0.6,0.042,-4.3,-1,-5.3,-0.6,1563518,"OKC",195,80
"373","Vlatko Čančar","cancavl01","DEN","PF",24,15,1,11.7,1.5,2.7,0.561,0.5,0.8,0.583,1.1,1.9,0.552,0.6,0.9,0.643,0.5,1.5,2.1,1.1,0.1,0.2,0.6,1.2,4.1,12.7,0.657,0.293,0.341,5.2,14.1,9.8,13.2,0.6,1.5,16,14,0.3,0.1,0.4,0.114,-0.9,-0.9,-1.7,0,2098765,"DEN",236,80
"374","Wendell Carter Jr.","cartewe01","ORL","PF",22,62,61,29.9,5.8,11,0.525,1.1,3.5,0.327,4.7,7.6,0.615,2.3,3.3,0.691,2.2,8.2,10.5,2.8,0.6,0.7,1.9,2.7,15,18.4,0.601,0.313,0.303,7.9,29.1,18.5,15.4,0.9,2.1,13.1,20.9,2.6,2.4,5,0.129,1,0.6,1.6,1.7,14150000,"ORL",270,82
"375","Wenyen Gabriel","gabriwe01","TOT","PF",24,26,5,13.8,2.1,4.2,0.491,0.3,1.1,0.286,1.8,3.2,0.561,1,1.6,0.595,1.5,2.2,3.7,0.5,0.2,0.4,0.6,2.6,5.4,12.5,0.549,0.255,0.382,11.8,17.2,14.5,5.6,0.7,2.7,11.1,17.4,0.4,0.3,0.7,0.09,-3.7,-2.1,-5.9,-0.4,1878720,"LAL",205,81
"376","Wesley Matthews","matthwe02","MIL","SG",35,49,14,20.4,1.8,4.5,0.395,1.1,3.2,0.338,0.7,1.3,0.54,0.4,0.6,0.786,0.6,1.3,1.9,0.7,0.5,0.2,0.4,1.8,5.1,6.9,0.536,0.714,0.127,3.2,6.4,4.9,4.6,1.1,0.8,7.2,10.7,0.6,0.6,1.2,0.056,-3,-0.3,-3.3,-0.3,2905851,"MIL",220,76
"377","Will Barton","bartowi01","DEN","SG",31,71,71,32.1,5.5,12.6,0.438,2.2,6.1,0.365,3.3,6.6,0.504,1.4,1.8,0.803,0.6,4.2,4.8,3.9,0.8,0.4,1.8,1.6,14.7,13.4,0.548,0.48,0.142,2.2,14.1,8.3,17.6,1.2,1.2,11.8,20.8,1.2,1.9,3.2,0.067,0.4,-0.9,-0.5,0.9,14375000,"WAS",181,77
"378","Willy Hernangómez","hernawi01","NOP","C",27,50,8,16.8,3.4,6.5,0.52,0.1,0.2,0.333,3.3,6.3,0.527,2.2,2.8,0.773,2.9,3.9,6.8,1.3,0.4,0.4,1,1.9,9.1,22.2,0.582,0.037,0.431,18.5,26.3,22.3,11.9,1.2,2.2,11.6,22.5,2.2,0.9,3.2,0.18,1.8,-1.5,0.2,0.5,2443581,"NOP",250,83
"379","Xavier Moon","moonxa01","LAC","SG",27,10,0,13.7,2.5,5.1,0.49,0.5,1.4,0.357,2,3.7,0.541,0.3,0.5,0.6,0.2,1.2,1.4,2.4,0.7,0.3,0.6,0.9,5.8,16.2,0.545,0.275,0.098,1.6,9,5.4,27,2.5,1.9,10.1,19,0.2,0.2,0.3,0.121,-1.1,1,-0.1,0.1,1637966,"LAC",165,74
"380","Xavier Tillman Sr.","tillmxa01","MEM","PF",23,53,2,13.2,1.8,4.1,0.454,0.2,0.9,0.204,1.7,3.2,0.527,0.9,1.3,0.648,1.2,1.8,3,1.2,0.9,0.3,0.6,1.2,4.8,15.1,0.51,0.227,0.329,9.6,14.5,12,11.6,3.3,1.9,12.1,16.4,0.6,1.2,1.8,0.121,-1.1,1.8,0.7,0.5,1782621,"MEM",245,80
"381","Zach Collins","colliza01","SAS","C",24,28,4,17.9,2.7,5.5,0.49,0.5,1.5,0.341,2.2,4.1,0.544,1.9,2.3,0.8,1.6,3.8,5.5,2.2,0.5,0.8,1.6,2.4,7.8,16.4,0.594,0.265,0.419,9.5,22.5,16,16.3,1.2,3.8,19.7,19.2,0.6,0.7,1.2,0.118,-1.2,1,-0.2,0.2,7350000,"SAS",250,83
"382","Zach LaVine","lavinza01","CHI","SG",26,67,67,34.7,8.4,17.7,0.476,2.8,7.1,0.389,5.7,10.6,0.534,4.8,5.6,0.853,0.3,4.3,4.6,4.5,0.6,0.3,2.6,1.8,24.4,20,0.605,0.401,0.316,1.1,13.8,7.4,20.8,0.9,0.9,11.2,28.8,4.5,1.3,5.8,0.12,3.9,-1.5,2.4,2.6,37096500,"CHI",200,77
"383","Zeke Nnaji","nnajize01","DEN","PF",21,41,1,17,2.3,4.5,0.516,0.9,2,0.463,1.4,2.6,0.557,1,1.6,0.631,1.4,2.2,3.6,0.4,0.4,0.3,0.6,1.9,6.6,13.5,0.629,0.43,0.349,9.3,14.1,11.8,3.4,1.1,1.7,9.7,14.9,1.2,0.6,1.8,0.123,-0.7,-1.6,-2.2,0,2617800,"DEN",240,81
"384","Ziaire Williams","willizi02","MEM","SF",20,62,31,21.7,3.1,6.8,0.45,1.2,3.9,0.314,1.9,2.9,0.632,0.7,0.9,0.782,0.4,1.7,2.1,1,0.6,0.2,0.7,1.8,8.1,9.7,0.559,0.571,0.13,2,8.2,5,6.3,1.2,0.8,8.4,14.9,1.1,1.1,2.2,0.08,-2.4,-0.6,-3,-0.3,4591920,"MEM",185,81
